837991,2022-04-10,1062,119,1,4,6,1,3,3,3,47%,475,404
837992,2022-04-09,124,128,1,2,3,None,2,1,1,34%,285,204
837993,2022-04-10,126,134,None,5,7,2,3,4,5,46%,434,377
837994,2022-04-10,121,129,9,8,19,2,12,7,8,44%,308,214
837995,2022-04-10,120,131,8,5,15,2,12,3,4,44%,382,305
837996,2022-04-11,152,794,2,8,15,5,7,8,4,50%,419,334
837997,2022-04-10,154,1193,4,3,9,2,2,7,1,35%,247,172
837998,2022-04-09,144,127,3,5,12,4,9,3,10,56%,501,439
837999,2022-04-10,145,125,1,3,7,3,2,5,1,42%,393,297
838000,2022-04-10,147,151,None,5,7,2,4,3,3,48%,420,351
838001,2022-04-16,125,152,4,3,13,6,5,8,5,54%,444,364
838002,2022-04-17,127,126,1,4,6,1,2,4,3,47%,368,309
838003,2022-04-17,794,144,3,2,5,None,2,3,2,42%,366,289
838004,2022-04-16,131,145,5,7,15,3,8,7,2,46%,504,431
838005,2022-04-17,128,147,6,9,22,7,10,12,7,65%,516,450
838006,2022-04-17,119,154,3,2,7,2,3,4,5,49%,454,349
838007,2022-04-17,129,120,3,5,11,3,6,5,2,35%,256,178
838008,2022-04-16,151,121,6,11,22,5,17,5,6,76%,605,510
838009,2022-04-17,1193,124,3,8,12,1,6,6,5,61%,525,456
838010,2022-04-17,134,1062,5,10,17,2,11,6,5,56%,519,437
838011,2022-04-24,1062,147,4,5,11,2,6,5,3,39%,413,351
838012,2022-04-23,124,119,4,4,12,4,6,6,4,43%,381,294
838013,2022-04-23,794,126,7,12,24,5,18,6,9,67%,496,413
838014,2022-04-23,121,131,1,3,7,3,1,6,3,56%,426,361
838015,2022-04-24,128,125,2,11,19,6,8,11,8,61%,484,414
838016,2022-04-24,152,1193,4,4,10,2,7,3,7,43%,318,247
838017,2022-06-01,154,129,7,7,19,5,8,11,1,59%,450,393
838018,2022-04-24,144,120,2,5,17,10,8,9,7,62%,527,453
838019,2022-04-25,145,151,5,5,18,8,11,7,5,59%,377,309
838020,2022-04-23,134,127,6,3,11,2,8,3,5,59%,501,409
838021,2022-04-30,125,134,6,5,13,2,7,6,11,54%,419,330
838022,2022-04-20,127,121,2,3,10,5,5,5,6,44%,347,265
838023,2022-05-02,126,128,3,3,8,2,3,5,4,43%,351,285
838024,2022-05-01,131,154,5,6,16,5,6,10,4,44%,330,246
838025,2022-05-01,120,152,4,4,8,None,5,3,4,39%,252,188
838026,2022-05-01,119,145,4,2,11,5,5,6,2,40%,374,293
838027,2022-04-30,129,794,6,8,18,4,10,8,4,44%,355,275
838028,2022-04-30,151,1062,5,11,21,5,15,6,9,69%,578,509
838029,2022-04-30,1193,144,7,6,14,1,10,4,6,49%,472,406
838030,2022-05-01,147,124,4,3,7,None,4,3,1,45%,385,312
838031,2022-05-07,1062,125,9,1,12,2,8,4,3,31%,248,149
838032,2022-05-08,127,120,8,1,13,4,9,4,4,48%,387,302
838033,2022-05-08,794,131,1,2,4,1,2,2,1,43%,415,332
838034,2022-05-08,121,124,2,3,8,3,4,4,3,52%,404,336
838035,2022-05-08,128,1193,3,7,17,7,13,4,8,53%,456,404
838036,2022-05-08,152,119,3,4,9,2,7,2,3,43%,351,273
838037,2022-05-08,154,126,2,None,4,2,2,2,4,46%,338,248
838038,2022-05-08,144,151,3,3,6,None,4,2,None,23%,171,102
838039,2022-05-09,145,147,4,3,8,1,4,4,7,42%,379,302
838040,2022-05-07,134,129,3,8,14,3,6,8,9,59%,406,318
838041,2022-05-14,1062,144,None,2,5,3,3,2,2,44%,400,320
838042,2022-05-15,124,134,3,3,12,6,4,8,5,37%,289,221
838043,2022-05-15,126,1193,3,2,6,1,3,3,3,27%,214,158
838044,2022-05-14,121,794,2,6,12,4,2,10,4,52%,411,332
838045,2022-05-15,120,154,3,3,10,4,3,7,1,37%,304,222
838046,2022-05-14,119,131,9,4,15,2,11,4,6,52%,425,367
838047,2022-05-14,129,127,4,3,11,4,7,4,3,59%,483,406
838048,2022-05-15,151,128,3,9,16,4,11,5,9,68%,508,448
838049,2022-05-15,145,152,3,1,5,1,3,2,6,36%,299,236
838050,2022-05-15,147,125,2,4,9,3,4,5,4,42%,292,234
838051,2022-05-22,125,120,5,2,8,1,5,3,5,58%,516,427
838052,2022-05-21,127,151,None,3,3,None,3,None,4,36%,316,246
838053,2022-05-11,794,1062,4,4,17,9,5,12,10,62%,637,536
838054,2022-05-22,131,126,7,4,14,3,10,4,8,45%,415,311
838055,2022-05-21,128,129,4,6,11,1,5,6,2,49%,389,312
838056,2022-05-21,152,121,8,5,20,7,10,10,7,54%,465,388
838057,2022-05-22,154,124,3,4,7,None,5,2,5,37%,292,214
838058,2022-05-21,144,147,6,6,14,2,7,7,5,42%,355,291
838059,2022-05-22,1193,119,4,6,14,4,12,2,11,58%,426,359
838060,2022-05-22,134,145,4,3,9,2,4,5,4,58%,462,380
838061,2022-05-29,1062,145,1,2,5,2,3,2,None,38%,321,241
838062,2022-05-29,124,127,3,3,7,1,5,2,2,38%,306,235
838063,2022-05-28,126,129,4,2,7,1,5,2,3,49%,353,287
838064,2022-05-29,131,125,5,3,13,5,6,7,5,37%,315,219
838065,2022-05-29,128,121,4,9,17,4,8,9,4,55%,475,416
838066,2022-05-30,119,144,7,11,20,2,11,9,12,56%,524,443
838067,2022-05-28,154,152,8,5,16,3,9,7,7,38%,334,257
838068,2022-05-28,151,794,4,8,14,2,6,8,1,48%,356,278
838069,2022-05-29,1193,134,8,4,19,7,8,11,8,42%,331,261
838070,2022-05-29,147,120,3,8,18,7,7,11,9,72%,485,405
838071,2022-06-04,125,1193,2,1,5,2,3,2,4,48%,416,317
838072,2022-06-05,127,154,6,5,12,1,7,5,3,34%,280,211
838073,2022-06-05,794,119,5,3,9,1,7,2,3,51%,479,397
838074,2022-06-05,121,1062,3,5,11,3,3,8,2,50%,377,310
838075,2022-06-06,120,151,4,5,11,2,9,2,2,38%,283,200
838076,2022-06-05,152,124,2,4,6,None,3,3,7,51%,259,102
838077,2022-06-04,129,147,6,4,14,4,4,10,6,49%,419,337
838078,2022-06-04,144,131,1,6,10,3,7,3,None,44%,432,361
838079,2022-06-04,145,126,4,5,16,7,9,7,7,47%,384,285
838080,2022-06-04,134,128,3,9,14,2,8,6,6,58%,418,342
838081,2022-06-08,125,129,3,2,6,1,3,3,4,43%,338,235
838082,2022-06-09,124,1062,6,4,11,1,8,3,9,56%,419,355
838083,2022-06-08,794,127,3,7,12,2,4,8,7,68%,551,490
838084,2022-06-09,121,120,3,7,12,2,4,8,4,52%,440,379
838085,2022-06-09,128,119,6,3,11,2,9,2,3,49%,403,325
838086,2022-06-08,152,134,6,None,7,1,3,4,5,45%,338,235
838087,2022-06-09,154,151,2,8,12,2,5,7,2,49%,377,310
838088,2022-06-08,144,145,3,6,10,1,5,5,6,47%,394,313
838089,2022-06-08,1193,131,4,6,11,1,8,3,3,61%,552,481
838090,2022-06-09,147,126,4,5,16,7,10,6,10,60%,468,391
838091,2022-06-11,1062,128,6,4,12,2,10,2,6,32%,275,219
838092,2022-06-11,124,144,9,3,17,5,8,9,6,53%,476,402
838093,2022-06-12,126,125,5,5,11,1,9,2,4,52%,438,330
838094,2022-06-11,131,152,2,3,8,3,2,6,5,43%,426,349
838095,2022-06-13,120,145,2,4,9,3,4,5,1,49%,409,312
838096,2022-06-12,119,127,3,8,16,5,12,4,4,68%,599,530
838097,2022-06-12,154,134,None,6,7,1,2,5,1,37%,297,194
838098,2022-06-12,151,129,6,8,20,6,12,8,10,51%,372,281
838099,2022-06-11,1193,794,4,3,8,1,5,3,4,57%,450,368
838100,2022-06-12,147,121,6,6,16,4,6,10,6,53%,470,408
838101,2022-06-16,125,124,3,10,20,7,11,9,8,78%,687,614
838102,2022-06-15,127,1193,1,5,6,None,3,3,3,37%,350,294
838103,2022-06-15,794,147,5,6,16,5,8,8,5,48%,415,335
838104,2022-06-16,121,144,3,5,10,2,7,3,4,51%,392,326
838105,2022-06-16,120,126,2,2,6,2,4,2,3,67%,573,470
838106,2022-06-15,152,128,9,7,18,2,14,4,9,66%,630,555
838107,2022-06-15,129,1062,2,8,14,4,6,8,2,48%,450,361
838108,2022-06-15,151,119,8,3,16,5,9,7,2,47%,408,327
838109,2022-06-16,145,154,3,1,4,None,2,2,4,50%,422,343
838110,2022-06-16,134,131,6,2,11,3,4,7,4,56%,522,450
838111,2022-06-19,1062,127,3,3,10,4,5,5,8,52%,406,348
838112,2022-06-19,124,145,4,4,9,1,2,7,3,50%,486,408
838113,2022-06-20,126,121,7,9,23,7,12,11,7,61%,446,370
838114,2022-06-19,131,151,2,5,9,2,2,7,4,34%,300,221
838115,2022-06-19,128,794,7,7,18,4,7,11,9,57%,441,377
838116,2022-06-19,119,120,6,3,10,1,7,3,2,22%,177,108
838117,2022-06-19,154,125,4,6,14,4,6,8,8,49%,325,226
838118,2022-06-19,144,152,3,1,5,1,2,3,2,35%,277,202
838119,2022-06-18,1193,129,1,3,8,4,4,4,6,54%,440,369
838120,2022-06-19,147,134,3,6,10,1,5,5,1,39%,252,177
838121,2022-06-26,1062,154,3,3,8,2,3,5,3,33%,326,256
838122,2022-06-25,127,125,5,6,15,4,8,7,7,47%,386,300
838123,2022-06-26,126,152,2,2,4,None,1,3,1,41%,401,322
838124,2022-06-25,131,128,2,3,7,2,3,4,2,38%,336,247
838125,2022-06-26,120,124,3,6,11,2,7,4,6,79%,728,651
838126,2022-06-25,119,147,4,5,14,5,6,8,9,44%,426,377
838127,2022-06-26,129,144,2,3,7,2,2,5,2,51%,369,301
838128,2022-06-26,151,1193,2,7,13,4,7,6,6,54%,354,270
838129,2022-06-26,145,121,4,8,15,3,12,3,5,51%,390,290
838130,2022-06-25,134,794,6,8,23,9,14,9,10,70%,558,489
838131,2022-07-03,125,151,3,10,20,7,10,10,3,48%,374,294
838132,2022-07-02,124,131,2,1,3,None,2,1,4,42%,373,309
838133,2022-07-04,794,120,1,6,9,2,3,6,4,36%,248,167
838134,2022-07-03,121,134,4,3,13,6,5,8,2,29%,229,140
838135,2022-07-02,128,127,6,4,11,1,9,2,3,55%,486,424
838136,2022-07-02,152,1062,5,1,8,2,6,2,6,44%,477,418
838137,2022-07-02,129,119,5,4,12,3,9,3,2,39%,258,200
838138,2022-07-03,144,126,2,3,8,3,6,2,None,47%,345,270
838139,2022-07-03,145,1193,3,6,13,4,8,5,4,40%,373,287
838140,2022-07-03,147,154,7,8,22,7,8,14,6,62%,475,417
838141,2022-07-10,1062,126,2,2,6,2,2,4,4,41%,340,267
838142,2022-07-09,124,129,6,4,17,7,11,6,10,41%,342,271
838143,2022-07-09,794,145,2,3,8,3,5,3,7,54%,434,354
838144,2022-07-10,131,127,4,4,12,4,7,5,3,51%,457,380
838145,2022-07-10,128,144,4,6,15,5,8,7,10,52%,368,309
838146,2022-07-11,119,125,7,1,9,1,6,3,2,32%,307,219
838147,2022-07-10,154,121,5,2,12,5,5,7,6,61%,454,381
838148,2022-07-09,151,134,4,10,20,6,7,13,2,66%,481,415
838149,2022-07-10,1193,120,2,3,6,1,5,1,2,53%,472,390
838150,2022-07-10,147,152,6,5,14,3,9,5,6,52%,416,341
838152,2022-07-16,127,147,None,7,17,10,5,12,6,45%,448,392
838156,2022-07-17,152,151,1,11,16,4,6,10,4,39%,306,232
838157,2022-07-17,129,131,4,5,11,2,8,3,2,55%,541,461
838159,2022-07-16,145,128,2,1,6,3,3,3,8,59%,473,398
838160,2022-07-16,134,119,3,10,17,4,9,8,5,40%,336,250
838154,2022-07-18,121,1193,1,3,6,2,4,2,4,39%,314,232
838161,2022-07-21,125,121,5,9,17,3,11,6,7,52%,419,340
838162,2022-07-20,127,152,2,5,8,1,3,5,4,37%,314,259
838163,2022-07-20,794,154,3,4,10,3,6,4,9,45%,320,224
838164,2022-07-21,131,147,4,4,8,None,4,4,2,39%,371,306
838165,2022-07-21,128,120,10,6,23,7,11,12,4,64%,553,482
838166,2022-07-20,119,126,4,4,8,None,7,1,3,66%,584,519
838167,2022-07-20,129,145,2,8,16,6,7,9,3,55%,442,367
838168,2022-07-20,151,124,10,4,17,3,11,6,3,73%,604,546
838169,2022-07-21,1193,1062,4,1,7,2,2,5,2,68%,672,606
838170,2022-07-20,134,144,5,9,15,1,7,8,2,57%,527,448
838171,2022-07-24,1062,131,3,3,7,1,3,4,None,47%,473,376
838172,2022-07-24,124,794,1,3,4,None,2,2,5,39%,332,240
838173,2022-07-23,126,151,9,2,13,2,9,4,3,36%,305,247
838174,2022-07-24,121,119,5,2,11,4,3,8,5,48%,373,291
838175,2022-07-24,120,134,4,5,16,7,11,5,11,46%,409,329
838176,2022-07-24,152,129,4,9,17,4,7,10,3,56%,426,364
838177,2022-07-24,154,128,3,5,11,3,8,3,5,48%,375,268
838178,2022-07-24,144,125,3,5,10,2,5,5,3,36%,317,216
838179,2022-07-24,145,127,8,5,19,6,16,3,5,57%,453,387
838180,2022-07-25,147,1193,None,6,8,2,1,7,4,58%,487,410
838181,2022-07-31,125,145,3,4,9,2,5,4,7,52%,420,333
838182,2022-07-30,127,144,1,2,5,2,1,4,3,48%,431,363
838183,2022-07-31,794,152,3,3,9,3,6,3,5,48%,420,334
838184,2022-07-30,131,120,3,4,9,2,4,5,3,51%,434,351
838185,2022-08-01,128,124,7,3,12,2,6,6,5,67%,656,599
838186,2022-07-31,119,1062,5,10,21,6,10,11,7,69%,600,532
838187,2022-07-30,129,121,7,5,16,4,8,8,5,53%,424,367
838188,2022-07-30,151,147,3,10,20,7,14,6,7,50%,352,282
838189,2022-07-31,1193,154,2,3,7,2,5,2,3,44%,341,263
838190,2022-07-31,134,126,2,6,12,4,8,4,5,60%,482,409
838191,2022-08-07,1062,134,5,2,10,3,5,5,2,36%,288,229
838192,2022-08-07,124,1193,1,2,8,5,5,3,6,36%,303,234
838193,2022-08-06,126,127,7,11,20,2,11,9,3,46%,422,338
838194,2022-08-07,121,151,2,5,8,1,5,3,4,44%,339,273
838195,2022-08-06,120,129,5,7,16,4,9,7,8,60%,526,443
838196,2022-08-06,152,125,4,2,10,4,3,7,2,35%,278,193
838197,2022-08-07,154,119,2,3,7,2,3,4,5,67%,548,477
838198,2022-08-06,144,794,6,10,21,5,11,10,10,57%,448,386
838199,2022-08-06,145,131,4,7,14,3,9,5,8,59%,520,423
838200,2022-08-08,147,128,5,6,17,6,6,11,7,52%,466,397
838201,2022-08-14,125,128,2,5,11,4,4,7,6,61%,538,429
838202,2022-08-14,127,134,3,1,5,1,None,5,4,31%,260,200
838203,2022-08-14,126,794,4,6,11,1,5,6,4,49%,363,300
838204,2022-08-13,131,121,3,5,9,1,3,6,3,43%,368,283
838205,2022-08-14,120,144,2,7,11,2,6,5,3,46%,395,311
838206,2022-08-14,119,124,None,1,7,6,3,4,5,67%,626,565
838207,2022-08-14,129,154,6,4,12,2,9,3,8,35%,265,168
838208,2022-08-13,151,145,3,8,13,2,6,7,2,54%,392,317
838209,2022-08-13,1193,152,3,2,5,None,3,2,4,55%,443,364
838210,2022-08-14,147,1062,7,10,19,2,9,10,8,59%,525,437
838211,2022-08-20,1062,151,3,2,5,None,1,4,None,27%,233,146
838212,2022-08-20,124,147,3,1,7,3,3,4,3,36%,334,277
838213,2022-08-21,794,129,2,4,8,2,4,4,2,42%,326,239
838214,2022-08-21,121,127,5,4,11,2,10,1,4,44%,385,295
838215,2022-08-21,128,126,6,8,18,4,10,8,9,71%,666,579
838216,2022-08-21,152,120,9,7,19,3,12,7,4,65%,557,484
838217,2022-08-21,154,131,1,6,7,None,3,4,7,63%,493,401
838218,2022-08-21,144,1193,8,8,24,8,10,14,17,63%,482,427
838219,2022-08-22,145,119,5,4,13,4,10,3,4,50%,472,380
838220,2022-08-21,134,125,3,8,12,1,8,4,7,42%,370,280
838221,2022-08-28,125,1062,4,10,16,2,3,13,1,57%,422,331
838222,2022-08-27,124,121,2,3,8,3,5,3,3,39%,349,287
838223,2022-08-28,126,154,1,3,5,1,1,4,2,28%,240,157
838225,2022-08-28,120,127,1,3,6,2,4,2,4,54%,499,398
838227,2022-08-28,129,134,1,5,8,2,4,4,3,41%,290,212
838228,2022-08-27,151,144,2,5,10,3,5,5,3,69%,487,418
838229,2022-08-28,1193,128,1,3,7,3,4,3,2,53%,452,373
838230,2022-08-27,147,145,2,5,12,5,7,5,5,56%,458,394
