ID_FIXTURE,DATE,ID_HOME_TEAM,ID_AWAY_TEAM,SHOTS_ON_GOAL,SHOTS_OFF_GOAL,TOTAL_SHOTS,BLOCKED_SHOTS,SHOTS_INSIDEBOX,SHOTS_OUTSIDEBOX,CORNER_KICKS,BALL_POSSESION,TOTAL_PASSES,PASSES_ACCURATE
837991,2022-04-10,1062,119,5,8,15,2,7,8,3,53%,533,466
837992,2022-04-09,124,128,6,11,26,9,15,11,8,66%,545,481
837993,2022-04-10,126,134,8,7,18,3,7,11,5,54%,514,453
837994,2022-04-10,121,129,4,9,18,5,11,7,11,56%,377,306
837995,2022-04-10,120,131,4,4,9,1,4,5,2,56%,472,398
837996,2022-04-11,152,794,7,3,13,3,7,6,5,50%,417,339
837997,2022-04-10,154,1193,5,7,22,10,9,13,7,65%,446,375
837998,2022-04-09,144,127,3,2,10,5,9,1,4,44%,402,331
837999,2022-04-10,145,125,2,8,13,3,7,6,6,58%,542,459
838000,2022-04-10,147,151,9,3,17,5,7,10,7,52%,449,384
838001,2022-04-16,125,152,9,9,22,4,12,10,5,46%,378,307
838002,2022-04-17,127,126,8,9,19,2,14,5,2,53%,423,366
838003,2022-04-17,794,144,8,3,18,7,10,8,13,58%,486,428
838004,2022-04-16,131,145,4,6,14,4,8,6,7,54%,596,515
838005,2022-04-17,128,147,7,5,15,3,7,8,4,35%,287,223
838006,2022-04-17,119,154,5,8,18,5,14,4,8,51%,473,391
838007,2022-04-17,129,120,4,7,18,7,11,7,4,65%,467,373
838008,2022-04-16,151,121,6,2,9,1,7,2,2,24%,195,122
838009,2022-04-17,1193,124,1,1,5,3,2,3,2,39%,332,244
838010,2022-04-17,134,1062,3,6,12,3,4,8,2,44%,411,334
838011,2022-04-24,1062,147,5,12,20,3,7,13,3,61%,657,588
838012,2022-04-23,124,119,2,4,13,7,6,7,5,57%,503,430
838013,2022-04-23,794,126,3,8,15,4,10,5,6,33%,243,164
838014,2022-04-23,121,131,7,9,20,4,13,7,12,44%,339,267
838015,2022-04-24,128,125,8,5,18,5,11,7,3,39%,324,246
838016,2022-04-24,152,1193,2,8,13,3,7,6,6,57%,422,346
838017,2022-06-01,154,129,3,6,11,2,6,5,4,41%,298,218
838018,2022-04-24,144,120,2,7,9,None,4,5,2,38%,321,246
838019,2022-04-25,145,151,4,6,14,4,7,7,3,41%,255,182
838020,2022-04-23,134,127,2,6,11,3,5,6,6,41%,354,267
838021,2022-04-30,125,134,3,4,7,None,4,3,6,46%,364,277
838022,2022-04-20,127,121,2,9,17,6,9,8,9,56%,444,383
838023,2022-05-02,126,128,3,5,10,2,6,4,2,57%,459,394
838024,2022-05-01,131,154,2,2,5,1,4,1,9,56%,419,338
838025,2022-05-01,120,152,4,7,17,6,9,8,6,61%,397,329
838026,2022-05-01,119,145,3,10,23,10,14,9,18,60%,537,460
838027,2022-04-30,129,794,4,6,14,4,9,5,5,56%,447,343
838028,2022-04-30,151,1062,2,3,7,2,4,3,None,31%,252,181
838029,2022-04-30,1193,144,5,7,17,5,11,6,4,51%,475,423
838030,2022-05-01,147,124,8,7,20,5,12,8,8,55%,439,391
838031,2022-05-07,1062,125,8,9,23,6,16,7,11,69%,534,427
838032,2022-05-08,127,120,8,9,17,None,10,7,10,52%,407,331
838033,2022-05-08,794,131,2,5,8,1,5,3,1,57%,534,448
838034,2022-05-08,121,124,5,6,19,8,10,9,6,48%,357,304
838035,2022-05-08,128,1193,7,3,12,2,8,4,4,47%,416,348
838036,2022-05-08,152,119,5,6,11,None,6,5,6,57%,447,369
838037,2022-05-08,154,126,3,4,12,5,7,5,9,54%,380,305
838038,2022-05-08,144,151,7,16,33,10,20,13,12,77%,523,463
838039,2022-05-09,145,147,6,4,12,2,8,4,5,58%,543,459
838040,2022-05-07,134,129,8,4,15,3,9,6,4,41%,285,211
838041,2022-05-14,1062,144,7,3,14,4,8,6,10,56%,518,426
838042,2022-05-15,124,134,6,3,11,2,6,5,4,63%,523,453
838043,2022-05-15,126,1193,9,9,21,3,14,7,15,73%,591,527
838044,2022-05-14,121,794,7,4,14,3,9,5,7,48%,385,311
838045,2022-05-15,120,154,5,4,12,3,6,6,5,63%,510,429
838046,2022-05-14,119,131,5,4,13,4,10,3,5,48%,385,319
838047,2022-05-14,129,127,5,4,15,6,5,10,7,41%,332,272
838048,2022-05-15,151,128,5,3,10,2,7,3,5,32%,243,176
838049,2022-05-15,145,152,5,8,17,4,10,7,6,64%,543,461
838050,2022-05-15,147,125,7,6,17,4,9,8,7,58%,406,346
838051,2022-05-22,125,120,4,5,12,3,6,6,3,42%,374,278
838052,2022-05-21,127,151,6,4,11,1,6,5,6,64%,580,511
838053,2022-05-11,794,1062,1,4,6,1,2,4,3,38%,383,298
838054,2022-05-22,131,126,5,8,13,None,7,6,8,55%,515,417
838055,2022-05-21,128,129,3,11,16,2,8,8,6,51%,382,308
838056,2022-05-21,152,121,3,7,13,3,5,8,7,46%,381,301
838057,2022-05-22,154,124,8,7,23,8,15,8,12,63%,485,413
838058,2022-05-21,144,147,3,7,17,7,11,6,3,58%,499,426
838059,2022-05-22,1193,119,3,4,11,4,7,4,4,42%,316,246
838060,2022-05-22,134,145,3,5,13,5,6,7,5,42%,344,254
838061,2022-05-29,1062,145,7,13,27,7,15,12,13,62%,497,414
838062,2022-05-29,124,127,6,7,17,4,10,7,12,62%,509,440
838063,2022-05-28,126,129,5,7,15,3,7,8,8,51%,371,302
838064,2022-05-29,131,125,4,1,7,2,3,4,6,63%,540,442
838065,2022-05-29,128,121,3,7,17,7,10,7,3,45%,384,309
838066,2022-05-30,119,144,5,5,10,None,6,4,3,44%,428,356
838067,2022-05-28,154,152,3,5,14,6,6,8,8,62%,553,468
838068,2022-05-28,151,794,2,7,17,8,8,9,6,52%,358,291
838069,2022-05-29,1193,134,None,6,10,4,4,6,8,58%,460,400
838070,2022-05-29,147,120,5,8,15,2,13,2,5,28%,191,114
838071,2022-06-04,125,1193,6,7,16,3,9,7,8,52%,446,340
838072,2022-06-05,127,154,3,5,11,3,9,2,9,66%,526,460
838073,2022-06-05,794,119,2,3,8,3,6,2,7,49%,434,358
838074,2022-06-05,121,1062,3,10,16,3,9,7,6,50%,367,288
838075,2022-06-06,120,151,5,5,16,6,6,10,9,62%,467,397
838076,2022-06-05,152,124,3,3,11,5,5,6,5,49%,251,102
838077,2022-06-04,129,147,10,6,22,6,11,11,5,51%,423,360
838078,2022-06-04,144,131,3,4,14,7,10,4,9,56%,524,448
838079,2022-06-04,145,126,6,8,17,3,8,9,4,53%,438,340
838080,2022-06-04,134,128,4,7,14,3,6,8,7,42%,295,230
838081,2022-06-08,125,129,3,9,15,3,9,6,4,57%,442,348
838082,2022-06-09,124,1062,9,1,13,3,6,7,1,44%,332,259
838083,2022-06-08,794,127,2,8,12,2,6,6,5,32%,254,197
838084,2022-06-09,121,120,6,5,14,3,14,None,7,48%,390,326
838085,2022-06-09,128,119,6,11,22,5,18,4,10,51%,409,330
838086,2022-06-08,152,134,4,8,18,6,9,9,11,55%,384,290
838087,2022-06-09,154,151,4,9,20,7,11,9,6,51%,388,312
838088,2022-06-08,144,145,5,6,13,2,10,3,8,53%,428,340
838089,2022-06-08,1193,131,4,5,11,2,5,6,4,39%,352,279
838090,2022-06-09,147,126,2,7,11,2,7,4,1,40%,317,244
838091,2022-06-11,1062,128,4,8,16,4,7,9,5,68%,601,532
838092,2022-06-11,124,144,4,4,14,6,8,6,10,47%,401,338
838093,2022-06-12,126,125,2,8,15,5,9,6,2,48%,406,313
838094,2022-06-11,131,152,3,7,13,3,7,6,4,57%,569,494
838095,2022-06-13,120,145,7,9,21,5,10,11,7,51%,417,313
838096,2022-06-12,119,127,4,4,11,3,8,3,4,32%,288,221
838097,2022-06-12,154,134,6,13,23,4,8,15,7,63%,499,405
838098,2022-06-12,151,129,4,6,12,2,10,2,2,49%,357,289
838099,2022-06-11,1193,794,5,7,19,7,9,10,5,43%,334,259
838100,2022-06-12,147,121,4,3,11,4,4,7,5,47%,410,345
838101,2022-06-16,125,124,4,3,9,2,6,3,3,22%,183,119
838102,2022-06-15,127,1193,6,5,15,4,11,4,4,63%,620,559
838103,2022-06-15,794,147,6,9,19,4,11,8,4,52%,450,364
838104,2022-06-16,121,144,13,12,29,4,19,10,12,49%,354,294
838105,2022-06-16,120,126,3,11,17,3,7,10,3,33%,274,197
838106,2022-06-15,152,128,1,4,10,5,5,5,4,34%,325,248
838107,2022-06-15,129,1062,3,10,16,3,10,6,5,52%,474,387
838108,2022-06-15,151,119,2,2,6,2,4,2,8,53%,426,360
838109,2022-06-16,145,154,4,6,12,2,9,3,3,50%,432,348
838110,2022-06-16,134,131,2,13,21,6,10,11,11,44%,382,315
838111,2022-06-19,1062,127,3,6,16,7,9,7,9,48%,373,315
838112,2022-06-19,124,145,3,11,19,5,13,6,6,50%,482,422
838113,2022-06-20,126,121,3,6,12,3,6,6,3,39%,285,210
838114,2022-06-19,131,151,3,8,17,6,12,5,6,66%,605,518
838115,2022-06-19,128,794,5,2,12,5,11,1,3,43%,341,280
838116,2022-06-19,119,120,8,8,18,2,14,4,7,78%,592,518
838117,2022-06-19,154,125,8,7,18,3,12,6,5,51%,352,249
838118,2022-06-19,144,152,6,13,26,7,19,7,7,65%,513,448
838119,2022-06-18,1193,129,1,8,14,5,6,8,7,46%,355,282
838120,2022-06-19,147,134,3,12,24,9,14,10,12,61%,371,300
838121,2022-06-26,1062,154,6,9,17,2,9,8,2,67%,655,598
838122,2022-06-25,127,125,7,10,23,6,18,5,7,53%,433,340
838123,2022-06-26,126,152,9,12,29,8,17,12,16,59%,527,460
838124,2022-06-25,131,128,1,4,9,4,3,6,3,62%,527,449
838125,2022-06-26,120,124,1,4,9,4,5,4,1,21%,182,121
838126,2022-06-25,119,147,8,4,15,3,10,5,1,56%,550,487
838127,2022-06-26,129,144,4,4,10,2,8,2,4,49%,351,288
838128,2022-06-26,151,1193,5,8,15,2,8,7,4,46%,309,222
838129,2022-06-26,145,121,4,3,7,None,2,5,2,49%,395,310
838130,2022-06-25,134,794,6,1,10,3,7,3,5,30%,244,168
838131,2022-07-03,125,151,5,7,21,9,12,9,11,52%,413,321
838132,2022-07-02,124,131,6,4,15,5,10,5,6,58%,518,471
838133,2022-07-04,794,120,6,7,18,5,8,10,9,64%,432,336
838134,2022-07-03,121,134,7,21,35,7,19,16,9,71%,550,467
838135,2022-07-02,128,127,7,5,15,3,5,10,7,45%,397,326
838136,2022-07-02,152,1062,4,8,17,5,9,8,6,56%,573,519
838137,2022-07-02,129,119,4,3,9,2,5,4,3,61%,389,331
838138,2022-07-03,144,126,3,6,11,2,5,6,3,53%,372,305
838139,2022-07-03,145,1193,3,7,12,2,6,6,4,60%,560,473
838140,2022-07-03,147,154,4,4,11,3,8,3,2,38%,288,217
838141,2022-07-10,1062,126,2,6,11,3,5,6,7,59%,497,422
838142,2022-07-09,124,129,6,8,18,4,13,5,9,59%,500,437
838143,2022-07-09,794,145,13,11,36,12,23,13,19,46%,351,268
838144,2022-07-10,131,127,2,5,7,None,4,3,6,49%,433,354
838145,2022-07-10,128,144,6,5,19,8,14,5,9,48%,350,278
838146,2022-07-11,119,125,4,11,21,6,10,11,13,68%,643,555
838147,2022-07-10,154,121,6,4,12,2,9,3,2,39%,295,221
838148,2022-07-09,151,134,3,6,11,2,4,7,2,34%,253,179
838149,2022-07-10,1193,120,6,4,14,4,9,5,5,47%,404,329
838150,2022-07-10,147,152,2,10,19,7,7,12,11,48%,348,281
838152,2022-07-16,127,147,4,8,17,5,12,5,8,55%,545,489
838156,2022-07-17,152,151,1,12,24,11,16,8,7,61%,471,393
838157,2022-07-17,129,131,7,6,18,5,10,8,6,45%,433,356
838159,2022-07-16,145,128,4,6,14,4,8,6,6,41%,337,259
838160,2022-07-16,134,119,5,8,17,4,9,8,5,60%,502,425
838154,2022-07-18,121,1193,8,5,16,3,11,5,11,61%,494,419
838161,2022-07-21,125,121,3,8,15,4,8,7,7,48%,399,311
838162,2022-07-20,127,152,12,5,27,10,20,7,5,63%,550,503
838163,2022-07-20,794,154,7,5,14,2,6,8,4,55%,404,317
838164,2022-07-21,131,147,6,4,19,9,11,8,9,61%,584,523
838165,2022-07-21,128,120,7,7,16,2,10,6,4,36%,298,226
838166,2022-07-20,119,126,7,7,15,1,9,6,4,34%,291,241
838167,2022-07-20,129,145,5,8,14,1,10,4,3,45%,365,284
838168,2022-07-20,151,124,5,7,15,3,8,7,2,27%,205,154
838169,2022-07-21,1193,1062,8,6,16,2,11,5,4,32%,296,229
838170,2022-07-20,134,144,9,4,15,2,8,7,3,43%,383,310
838171,2022-07-24,1062,131,6,5,14,3,5,9,5,53%,520,436
838172,2022-07-24,124,794,7,11,24,6,14,10,9,61%,528,434
838173,2022-07-23,126,151,4,10,20,6,14,6,6,64%,539,470
838174,2022-07-24,121,119,9,7,18,2,10,8,12,52%,389,326
838175,2022-07-24,120,134,6,10,17,1,10,7,2,54%,491,408
838176,2022-07-24,152,129,7,2,13,4,6,7,8,44%,334,270
838177,2022-07-24,154,128,2,13,27,12,8,19,7,52%,381,307
838178,2022-07-24,144,125,6,10,23,7,12,11,6,64%,552,460
838179,2022-07-24,145,127,4,6,13,3,7,6,6,43%,332,269
838180,2022-07-25,147,1193,2,1,4,1,3,1,4,42%,366,276
838181,2022-07-31,125,145,6,9,18,3,14,4,7,48%,372,287
838182,2022-07-30,127,144,6,8,16,2,12,4,6,52%,468,403
838183,2022-07-31,794,152,5,12,23,6,12,11,7,52%,443,380
838184,2022-07-30,131,120,3,10,15,2,10,5,3,49%,409,315
838185,2022-08-01,128,124,3,5,10,2,5,5,5,33%,314,253
838186,2022-07-31,119,1062,3,3,9,3,7,2,1,31%,278,197
838187,2022-07-30,129,121,7,2,12,3,4,8,6,47%,371,294
838188,2022-07-30,151,147,4,10,18,4,10,8,3,50%,357,282
838189,2022-07-31,1193,154,5,8,19,6,13,6,10,56%,425,344
838190,2022-07-31,134,126,4,3,10,3,6,4,6,40%,314,234
838191,2022-08-07,1062,134,8,6,21,7,9,12,11,64%,503,440
838192,2022-08-07,124,1193,5,4,10,1,6,4,11,64%,557,492
838193,2022-08-06,126,127,5,6,14,3,6,8,5,54%,495,414
838194,2022-08-07,121,151,8,9,19,2,12,7,5,56%,438,372
838195,2022-08-06,120,129,4,4,11,3,2,9,3,40%,347,271
838196,2022-08-06,152,125,3,8,15,4,13,2,13,65%,504,423
838197,2022-08-07,154,119,7,4,16,5,9,7,7,33%,264,196
838198,2022-08-06,144,794,4,3,11,4,7,4,8,43%,332,268
838199,2022-08-06,145,131,2,4,7,1,5,2,2,41%,368,287
838200,2022-08-08,147,128,2,8,15,5,11,4,6,48%,424,350
838201,2022-08-14,125,128,5,8,16,3,9,7,6,39%,339,233
838202,2022-08-14,127,134,13,1,19,5,10,9,12,69%,568,516
838203,2022-08-14,126,794,4,8,16,4,12,4,13,51%,380,294
838204,2022-08-13,131,121,4,5,14,5,6,8,5,57%,487,398
838205,2022-08-14,120,144,5,5,14,4,7,7,8,54%,459,386
838206,2022-08-14,119,124,5,5,15,5,7,8,6,33%,296,239
838207,2022-08-14,129,154,3,5,13,5,7,6,4,65%,484,380
838208,2022-08-13,151,145,2,11,17,4,12,5,6,46%,313,247
838209,2022-08-13,1193,152,4,6,13,3,8,5,5,45%,342,277
838210,2022-08-14,147,1062,2,5,7,None,4,3,1,41%,367,279
838211,2022-08-20,1062,151,7,16,28,5,18,10,7,73%,591,504
838212,2022-08-20,124,147,6,5,15,4,12,3,11,64%,572,509
838213,2022-08-21,794,129,11,10,28,7,12,16,10,58%,424,353
838214,2022-08-21,121,127,3,11,20,6,11,9,10,56%,487,408
838215,2022-08-21,128,126,5,5,13,3,7,6,5,29%,271,212
838216,2022-08-21,152,120,5,5,12,2,7,5,2,35%,283,200
838217,2022-08-21,154,131,4,7,13,2,7,6,4,37%,285,212
838218,2022-08-21,144,1193,2,3,7,2,4,3,3,37%,295,227
838219,2022-08-22,145,119,2,5,10,3,7,3,8,50%,461,367
838220,2022-08-21,134,125,10,8,19,1,9,10,2,58%,531,442
838221,2022-08-28,125,1062,5,3,9,1,8,1,6,43%,310,227
838222,2022-08-27,124,121,3,10,17,4,10,7,3,61%,543,494
838223,2022-08-28,126,154,8,5,15,2,13,2,7,72%,615,528
838225,2022-08-28,120,127,4,8,14,2,4,10,3,46%,418,335
838227,2022-08-28,129,134,4,12,19,3,12,7,9,59%,399,327
838228,2022-08-27,151,144,4,7,15,4,9,6,3,31%,210,155
838229,2022-08-28,1193,128,7,6,21,8,15,6,14,47%,362,283
838230,2022-08-27,147,145,3,6,12,3,6,6,4,44%,357,285
