DATE,US105756BB58,US29082HAA05,US31572UAF30,US71645WAQ42,US91911TAE38
2019-09-30,,,,,
2019-10-01,-0.001775690569288379,0.0012809356759555825,0.0002600347904053359,-0.004534164216268094,-0.0036986713302821547
2019-10-02,-0.0013747523066622149,-0.0023760277904039716,0.000883612845744707,-0.003924582039458139,0.0003841643831742324
2019-10-03,0.001776672630457909,0.0008987186587809671,0.00015677827178049242,0.0052688380137923185,0.0035529204702939455
2019-10-04,0.0020319279664559107,-0.0016825729402639726,0.004172020416034464,9.162733612899307e-05,-0.001430604449940181
2019-10-07,-0.0018539966941280325,-0.001967347059816873,-0.0009084562368614334,0.0003560567274003088,0.0016747917902222985
2019-10-08,-0.0007389136846669317,0.003769930582976223,0.0014376234757497248,-0.005135319910773607,0.0009615910701067648
2019-10-09,0.005274933285672236,-0.0039049971490958805,-0.00037121890429149144,0.0031131007666913616,-0.002379438237051089
2019-10-10,0.0024084098599428793,-0.00028296883789127517,0.0003435207586805749,-0.0008939159742612382,-0.0001481730737199765
2019-10-11,-0.0010432704574158118,0.0031901675185991027,0.002841521285796279,0.006171797873294057,0.0023856162803583213
2019-10-15,0.00011234875966111124,-0.0010607404598107699,-0.00017309990670049546,-0.004096748228299143,-0.0027762268826999554
2019-10-16,0.0019796151067976104,0.002064902723657552,0.0013885587401735735,0.0023598158340928767,0.0020156642045246
2019-10-17,-0.0004507527393709469,-0.0009404626058924365,-0.00010667304262785655,-0.00010698675272627829,4.73699303787734e-05
2019-10-18,0.0010097511271911198,0.0018046534032023014,0.0006279198362822413,-0.001157741781986206,0.0015102883049732047
2019-10-21,-0.0009301491947036383,-0.0020075964419743694,-0.00034654828605489344,-0.00525731690454204,-0.001598471051748041
2019-10-22,0.0009171359674808686,0.0020648193073386782,0.003415195094710989,0.011094505073079745,0.003597512178034681
2019-10-23,-1.0844485380389755e-05,-0.0004251623493760734,-0.0023483577799288595,-0.0015109365264530314,-0.004640261338237427
2019-10-24,0.0016470136437744755,-0.002325235481504843,0.0018277917442712955,0.0010453507776796776,0.0009181140003169862
2019-10-25,0.0007510906860349749,0.0012497128789075598,-0.0007648436432751604,0.002510049017334806,-5.3211554209210766e-05
2019-10-28,-0.0017331933889206614,0.0019056928896716595,0.0015593312062511585,-9.428108111385592e-05,0.0006055697295268434
2019-10-29,0.00023189209969494152,-0.0018602120480135187,0.0,-0.0008935401589926172,0.00035399003953260195
2019-10-30,0.00012206489028035728,0.00128988467554912,0.0011059163066065893,0.0021921226082916453,0.00010704638286277152
2019-10-31,0.0019221811411584534,-0.00022349718677359932,-0.0007066200152146805,0.00014037886910222538,-0.0007262468618749131
2019-11-01,0.0011519696963761226,-0.003116898877270448,-0.00042036451442077237,0.0031729496358422473,0.0014505113920182553
2019-11-04,-0.002295886183951132,-0.0009219141266745463,-0.002109984969391445,-0.0036609366051446506,-0.0022188528475020563
2019-11-05,-0.0075060602715677225,0.0020633258570119314,0.0013521498854960868,-0.005913256229685003,0.001459635656365416
2019-11-06,-0.00036289312759425416,-0.0019912564477535706,0.0015819128502169932,0.0024666038217292905,0.00236528467491794
2019-11-07,-0.0033391177744712263,0.0012717631585492935,-0.0014059192881938295,-0.00495571417659423,-0.0011564867211751656
2019-11-08,-0.0011851764528745155,-0.00217893922020916,0.0006313053432191336,-0.004772130105345465,-0.00013310722097243294
2019-11-12,-0.0025723449213910037,0.0008141234430737587,0.0007929190731570257,-0.0006553151280305077,0.0009771618300136748
2019-11-13,6.153255623558765e-05,0.0009602149868361804,0.00017754235667295676,-0.00133800205891451,0.00024486785795780063
2019-11-14,0.0018222832903609526,-0.0014694208557137275,-0.0008266638452900866,-0.0005417916739227162,-0.00020926020056339108
2019-11-15,0.001291151046366504,0.0006825322209378716,-0.0005936420018469771,-0.00035758673708150885,0.0033747862034381264
2019-11-18,-0.0011917162890114994,-0.0005857814053260483,0.0007392503312670071,-0.004704889491230626,-0.0020502105601701215
2019-11-19,-0.002543810709756265,0.0014720128736690665,-0.001540492758204737,-0.003491924266660516,-0.0006664256746474122
2019-11-20,0.0015607271277314043,-0.002211572787075907,-0.001413364234326944,0.004808627317597095,-0.0024444556792467564
2019-11-21,0.00015147540364789986,0.0011136966656647971,-0.0008471399886243883,0.0009443019675011724,-0.0014686718811130477
2019-11-22,0.0031042119512380215,-0.0013466343257494053,8.731982822856204e-05,0.0030841439389266254,-0.00023623786929977066
2019-11-25,0.00039965431892411416,0.0005489153579758276,0.002160344622243537,0.0035669787502234447,0.0033938364108291952
2019-11-26,-0.000504699477496837,0.0009728763589965054,-0.0007009348224955746,-0.0007324969326430515,-0.002374912620964221
2019-11-27,-0.0009597773761476867,-0.0017301113458204848,-0.0016073984186821457,-0.002284151583823976,0.0006721543746653105
2019-11-29,-0.000506169915171578,0.0008576694114466174,0.0007378870393635451,0.0011179848599071416,-0.00036114489146783134
2019-12-02,-0.0049054961012861015,0.0003678690610207935,-0.0006101191759326709,-0.0076379092640091,0.0016350318042217
2019-12-03,0.002241145447141729,0.0004069629035576683,-0.00048082294277070807,-0.003190399096043164,-0.003056850433594071
2019-12-04,0.001013318932900625,-0.0007803099458327007,0.000528616796857754,0.006051423913515594,0.0016431809698430997
2019-12-05,0.0006167138420198466,-0.00020088003785667972,-3.768342522566533e-05,0.0009713225222864822,0.00023077631580322144
2019-12-06,0.00151200884417158,-0.00047679506936269627,-3.584652723366218e-05,-0.00031291743462565514,-0.000980985207677833
2019-12-09,0.001366075569888543,0.0033309801634552666,0.0023530319096498314,0.012637232857953208,0.0009067349171941051
2019-12-10,0.0011413429727954042,-0.0017489317430547247,-0.001029401331688236,-0.004296124745746629,0.0010833618451005142
2019-12-11,0.005015622998036991,0.0044170113275379605,0.0021319418228855844,0.005880509003857519,0.005529453367074849
2019-12-12,0.0019441080660732948,-0.009225677822398661,-0.0022760691619338616,-0.004491307916510819,-0.008061069874364446
2019-12-13,0.0013914979206031282,0.006338124346003771,0.00315503072550183,0.012718524182971052,0.012873037633762477
2019-12-16,0.000898204085554179,0.0009922577406858526,-0.0011198952882634267,-0.0009841773405104629,-0.0022963231109271592
2019-12-17,0.00027565325304660033,-0.001466886735033426,-0.00018509118084204261,-0.0002910039271930598,0.0034996593670399323
2019-12-18,-0.0005528263205284221,0.0011274451177793088,0.004641660787575555,0.0018282491681148366,0.003400774353432351
2019-12-19,-0.001512089597460618,-0.001549425469600116,0.001502979125015645,-0.0023421931100228487,0.0039788149593304786
2019-12-20,-0.0019003955588342673,0.000920289345586367,9.107600839554514e-06,0.00430230967636846,0.0050150820610128845
2019-12-23,0.0017181836357413542,0.0002986841528374763,-0.001984683856552987,-0.0012711271264470331,-0.0006867876047337273
2019-12-24,0.00017715092907756894,0.0012565919263471841,0.0014298796157886627,0.0023733337330625773,0.002484972242474177
2019-12-26,0.0002718114223798,0.0022054511173514803,-0.0001376099343785835,0.0021999278391506894,0.0004648028816432517
2019-12-27,-0.0007563394401089894,0.0006095464963383592,9.569103286640094e-05,-0.0032205108156799244,-0.0006072628681699579
2019-12-30,-0.0008365439933935054,-0.0017252892504764782,0.00046556568665238136,0.0032594940317154262,0.0008346258236494871
2019-12-31,0.0002996731847502638,-0.0016254549033393917,-0.0013645109908479434,-0.007463260773267002,-0.004314535027882978
2020-01-02,0.000665619064752537,0.002981613787201162,0.001788888864727339,0.004757101276136758,0.0037336297911930937
2020-01-03,1.8081292769602942e-05,0.0018225597274820597,0.0019292847394061334,0.0026248014964581267,0.0035545249697213075
2020-01-06,-6.364760061548856e-05,-0.0005579250405800177,-0.0013758606413207517,-0.0017244813123844873,0.000528738427634839
2020-01-07,0.002146592595038177,0.002272319996497264,0.004887397381780655,0.0001977919464380419,0.008384922620415722
2020-01-08,-0.0006490550845307647,-0.004508046184793677,-0.003843279679990895,-0.0013853658846328316,-0.007642055224056392
2020-01-09,0.0032065164334683554,0.001263142015510977,0.002834895875999979,0.01038372098930428,0.0033237907416941
2020-01-10,0.003970257778192501,0.002279957345090377,0.002106211383379281,0.008283431588689308,0.0011204577416189599
2020-01-13,-0.0013575688690410047,-0.002263634056926963,-0.0012554054449147331,0.005040422592065269,-0.002640525420914615
2020-01-14,-8.544783827550105e-05,0.0011917866925452035,0.0018468094860506843,-0.003752312171732184,0.001650793891704043
2020-01-15,0.001157592351796817,3.98527260675375e-05,-0.0007388573731020398,0.007343384924876861,0.0018690609936844425
2020-01-16,0.002807670791589212,5.434206702249004e-05,-0.00020538534932744684,-0.0018046960095327192,-0.0029702254843252543
2020-01-17,-0.0008106931798761366,-0.0012388268164981113,0.0006051776797250661,0.008078346275637563,0.0013639708565644725
2020-01-21,0.0020165723256594893,0.003196792714363107,0.0004782744599942455,0.0016203405931174404,-0.00217479769092951
2020-01-22,-0.0003115164660927909,-0.0012445473525849872,0.0006894336661580579,0.00648295450246085,0.0031747977742630383
2020-01-23,-0.0003637968567051054,-0.005672499577037859,0.0002483687828563608,-0.0010490124665488338,-0.0017372976366656905
2020-01-24,0.0006267345727052779,0.0046864352381667035,0.0004297580420063306,0.00447469211099873,0.00041756413098222164
2020-01-27,0.00013644314181849505,-0.002368168081131786,-0.0008696386942152664,-0.0038252513741138866,-0.0006911139407284009
2020-01-28,0.0013883750642378994,-0.0058925489262348285,-0.0005955471505487976,-0.0008453347980033279,-0.003697794417489712
2020-01-29,0.009331519562095434,-0.014541187319441392,0.0009478284010869853,0.007443867104709431,0.0031117662819209998
2020-01-30,0.0020628389342474064,0.021890129774657475,-0.0001327683605013499,-0.0032161923059544,-0.002390581701512984
2020-01-31,0.003246588075591995,0.001512221509202023,0.001244801265623234,0.010314667833866673,0.004486879994404714
2020-02-03,-0.0017835795143945094,-0.0008704485986346253,-0.0002490167909730327,-0.0033693685566326126,-0.004450904952615165
2020-02-04,-0.0011139754322953058,-0.0009283469202661073,-0.000972300352173908,-0.003618918865487971,0.0004739032437524959
2020-02-05,5.569300606561682e-05,0.00020133589152349608,0.00021223532190201418,0.0002170998546342944,-0.0009445026104610779
2020-02-06,0.0026197036153467494,0.0016617395183408262,0.000770893136788243,0.008330739858063005,0.00125537960683362
2020-02-07,0.0023884251793488726,0.001501705531846216,0.002252402409698278,0.0022105538633685144,0.004906227125460366
2020-02-10,0.002099289563315097,-0.0026666272125487,-0.0003241631217200762,-0.0008980749726384396,-0.0016868317087725742
2020-02-11,0.0041721603274388515,0.0009684476198525578,0.0008570029907483514,0.0008700223346666693,-0.002853657126894686
2020-02-12,0.0038299069302649416,-0.0007047267709191794,0.0004138350512568707,0.006457751004049114,0.0003008058025365644
2020-02-13,0.0013156855744414252,0.0020141267199219625,0.0027144663863488817,0.005185937263358658,0.001916127968271683
2020-02-14,0.0074037564083336525,-0.0017251105552022147,0.0036540424676091265,0.004589179948182907,0.00105395781418547
2020-02-18,0.003199171425759837,-0.00016216492933571796,0.002285374514894965,-0.0005143055135377204,-0.0013682521995164094
2020-02-19,0.00958413466214432,0.00149382129087087,0.0010970869478921434,0.008529070874249657,0.007933230789665811
2020-02-20,0.00019435012031393135,0.0009747594165150406,0.004998717639516627,0.010833266483286105,0.0035476465301624285
2020-02-21,-0.0003071720622621413,0.00030453050352306706,0.0010842260362202958,-0.0014668130430051957,0.0045896059620403286
2020-02-24,0.001960338251295846,-0.0005729918555141406,-0.002060503287808122,-0.0034828010935652604,-0.0020664263074610953
2020-02-25,-0.0009005857809181492,-0.00427525108815947,5.766319461910483e-05,-0.00662164676503584,-0.003624291067456585
2020-02-26,-0.0031853571354364197,0.0015685366975271098,-0.005673993652768409,-0.014290755990395131,-0.0016131630891110962
2020-02-27,-0.013580310427109926,-0.001435991373187183,-0.02104623407419097,-0.028297859877862586,-0.010182503361493355
2020-02-28,0.0006363905139973188,-0.007241225909819955,-0.0036804145493693546,-0.014064269887127714,-0.008260088720834861
2020-03-02,0.003627000511684474,-0.003318304949882868,0.0011963423879629647,0.0137701231597178,0.0003748453274481104
2020-03-03,0.013261754006744415,0.01163830457383551,0.01708881367496716,0.037664507625843814,0.01835490740023249
2020-03-04,0.008976235918932403,-0.005648091045223429,-0.009256197337571697,0.0036512445983689014,-0.003324117479670139
2020-03-05,-0.008666230859365144,0.004955051349127286,0.006608339542599301,-0.011900540558284163,0.003931622554509897
2020-03-06,0.005987203657502652,-0.007754067083474793,-0.003595930655731064,-0.013340145221330634,-0.02531468280975442
2020-03-09,-0.03648281317202183,-0.03638715365370339,-0.025195467231875605,-0.08677066880496317,-0.02057562507137297
2020-03-10,0.0020180809799183845,0.01116820037118414,-0.002907233705215307,-0.0009239683559846147,0.00963035258648905
2020-03-11,-0.025899094725905864,-0.018038149474782918,-0.005431552340619805,-0.05278109372251637,-0.016980396744981714
2020-03-12,-0.056311868057269315,-0.03131990585736916,-0.030959393173919325,-0.11448705410941702,-0.032546813043601505
2020-03-13,0.017099634020354262,-0.034938767350657624,-0.004419781434766696,0.059147612904893794,-0.02511671235485852
2020-03-16,-0.03902229256679081,-0.029878660587331272,-0.07154947597758719,-0.08889286829860957,-0.022879170988907068
2020-03-17,-0.005156205436698948,-0.03909409582829305,-0.038813890211437094,-0.029882935403773132,-0.059307837078773865
2020-03-18,-0.08286679630687091,-0.10125013959457703,-0.005954587854106849,-0.165307261869096,-0.05123744946000726
2020-03-19,-0.020545662999503975,-0.023158018828243726,-0.05419141661553392,0.026809641724902192,-0.07058750750248138
2020-03-20,0.023636067312668214,-0.005770458770292665,-0.013959847363919312,0.04804156517518931,0.005188201296465158
2020-03-23,-0.0042411894278349535,0.0027768967055842777,-0.004615800646011207,-0.03951733066715544,-0.03576163163717329
2020-03-24,0.033570568631292506,-0.11911792313938518,0.028014134635358377,0.08018638704071447,0.020834675206745555
2020-03-25,0.03997077195941742,0.08505892408010762,0.027226114888413,0.06924973711667201,0.05136040694079576
2020-03-26,0.034333786251770415,0.024568093114229195,0.05676484293033726,0.06278975976808664,0.03573833271766497
2020-03-27,-0.032295365172423596,0.010482809207091494,-0.004451340158983351,-0.0018845650666305077,0.04935543577174927
2020-03-30,-0.012074001901116963,0.04547504368619179,0.014060693051255997,-0.027952510694532494,0.006033887262141364
2020-03-31,0.0077454608024022705,0.03285240767704985,0.007065796193670747,0.02132745087273866,0.011970371444795314
2020-04-01,-0.012437983133416581,-0.006845093444012367,-0.0074335926223405464,-0.04927199878806631,0.0006430053581082032
2020-04-02,-0.01038123112799784,0.017437295531629517,-0.0017781220249639886,0.03962097998912618,0.007890313544299272
2020-04-03,-0.011525068933797096,0.0010178827999581823,0.004356990422600066,-0.01212126982277805,-0.0018305913725060062
2020-04-06,0.002910422696557745,0.009340646365533577,-0.0019160832799900468,-0.00584546086763977,-0.0027061304377173244
2020-04-07,0.005641044136268766,0.01582394989386788,0.005974504587516837,0.02938461549538758,0.0069570643253074535
2020-04-08,0.0051233642634859015,0.014087758327435909,0.004136307176009758,-0.020561314350215094,0.00022129973260790403
2020-04-09,0.016637204498769223,0.006959104591427812,0.0030859582598055588,0.05618763405672517,0.005642491993277117
2020-04-13,0.009465488098390885,0.011613064778332764,0.009327272306562825,0.0038531864458131587,0.0039963913931346925
2020-04-14,0.0036435929386316505,0.02093801182483082,0.025679983849233964,0.025654784016717964,0.02246960315064731
2020-04-15,-0.01142989920979694,0.0013606515003816361,-0.007141342289907329,-0.0361106126538274,0.003043563165592996
2020-04-16,-0.0013348898484000689,0.012454457324503426,0.011382345142843479,0.004491217419132479,-0.0014120719489433657
2020-04-17,0.0005205659254477455,0.015797288089127663,0.012949788955454553,0.02736437776499684,0.003783648173759312
2020-04-20,-0.004715538910094361,-0.005426413793282796,-0.011270375795723412,-0.05068914181650825,0.004051400651494687
2020-04-21,-0.00934108697078295,-0.0033614400039345574,-1.765302970158655e-05,-0.03342953407619365,-0.0005907549377226174
2020-04-22,-0.010547209011263638,-0.00949946928635104,-0.00013731198088234555,-0.002798804296291904,0.001495797558421239
2020-04-23,-0.0026916649366626254,-0.01011952666001378,-0.0009931306017453702,-0.000760828218364139,0.002743001404936454
2020-04-24,-0.03606923549596641,-0.010829913328658767,-0.008483651620313875,-0.0449586845187708,-0.00578236257945631
2020-04-27,-0.0030035564779019347,-0.0943296853082326,-0.0008212185898418993,-0.007875457812686575,0.010573516301829664
2020-04-28,0.004676534739246101,0.03508476839628849,-0.0008357793335195924,0.024286785560604436,-0.01006029938579639
2020-04-29,0.017841134563496668,-0.02193196628388831,-0.000377965883406715,0.03517752888229356,0.0012983451062169556
2020-04-30,0.01053767508357677,-0.028685405132623926,0.0014822756781680158,0.03455371114637362,0.0025150552616825302
2020-05-01,0.0037243109353277265,0.003868448964433764,-0.00020015239392609041,-0.013242606477484348,0.0010654636164798812
2020-05-04,-0.004413068025996783,-0.002559414945260902,-0.001135284922257563,-0.018128827162531683,-0.0011764495862478645
2020-05-05,0.0022118260743497365,0.012174131797274432,-0.0010869161687962453,0.011855035224327319,0.0016151155803547383
2020-05-06,-0.007131149653396489,0.003257018898881752,0.0017037985324322993,-0.03772154124572855,-0.0011392133009125313
2020-05-07,0.004020444906431499,-0.008399883205199472,2.28034683094789e-05,0.020233294592367397,0.0015402447529261527
2020-05-08,0.007280718024837577,-0.004809881838158184,-0.0019411469576721954,0.006317683286459217,-0.004382608259855893
2020-05-11,-0.000759702922758756,0.004414783373205513,-0.001117171961871787,0.00871529480283764,0.0029376730285792033
2020-05-12,-0.0007236370360462122,0.0014228178297931433,0.0011867054616501276,-0.0024979366021100425,0.0034001940297111754
2020-05-13,-0.012497233392820365,0.001681167744702528,-0.0016253676187553295,-0.019991769072991477,-0.001472517944075983
2020-05-14,-0.0034623945571977976,-0.012400380163819913,-0.0023996317936269625,0.003418058117332623,-0.0036407262138778676
2020-05-15,-0.0019843806980452063,-0.002124897366189901,-0.001213461587571005,0.0032892208727531096,-0.0009292920630264012
2020-05-18,0.010239775658069977,0.00018212489801360812,0.0064257441078691855,0.03339052610457117,0.0023110634601622554
2020-05-19,0.001897026648503712,0.0006198292120699403,0.0034268655957049284,-0.018246879177411964,0.006009210675126531
2020-05-20,0.013580206556017153,0.0018305927670671338,-0.00032930080244489296,0.03162295322196192,0.005427264069846537
2020-05-21,0.014199144379629948,0.00832035180109302,0.006667683697729032,0.014358562695715582,-0.0005494418589578614
2020-05-22,0.0012625912498234102,0.002667620783018327,0.003970175498841836,-0.00742744072299664,0.004390953206284038
2020-05-26,0.014435380254571303,0.007172768060442333,0.004282904348091275,0.0206358887178922,0.013970229911948375
2020-05-27,0.0038015315287629626,0.013283908012907488,0.0054999866560945,-0.00381494825601098,0.009129772137305795
2020-05-28,-0.0005454301218888141,0.032422576989585894,0.00638699583989108,-0.0059042016762697195,0.016758298167450055
2020-05-29,-0.001346876342628966,0.013135387913125476,-0.0009016733586514156,-0.003942798756294654,0.0016005347398643237
2020-06-01,0.002014948198872652,0.0024094448206975786,0.002114181975514685,0.004785315737293466,-0.00043571826998752515
2020-06-02,0.009661587952889473,0.01362430963226375,0.0005393823770044615,0.018450317641896283,0.0016635696919091265
2020-06-03,0.013021173423883233,0.003932842130517435,0.00730819797277657,0.034467470182664356,0.008133962548242418
2020-06-04,0.0002710381962851147,0.0013038752815741636,0.011375996152853418,-0.012155216465250118,-0.002547275727885559
2020-06-05,0.0049163049530636955,0.01948396056922424,0.01982242029654285,0.01976175785438018,0.01614955710963844
2020-06-08,0.004952725933857113,-0.0007220445334843915,0.002620497435594598,0.01950082698345552,0.010247185819617902
2020-06-09,-0.0026263759095832614,0.0007753101379157981,-0.0004188922299539429,-0.017661789615800658,0.0035177965014161084
2020-06-10,-0.0015298043628355178,-0.0036246385803324604,0.0018606063123850548,-0.00012237463860699627,-0.00037443372675842826
2020-06-11,-0.021183568074941626,-0.020798180555648128,-0.010083814092030735,-0.034171609371610685,-0.007965281844300745
2020-06-12,-0.0013879500409401274,0.004943441640696676,-0.0028018857202413952,0.02075244378303351,-0.012841705048116818
2020-06-15,0.0022953985032227973,-0.008387218014839068,-0.0007206084038680367,-0.008518150475354688,0.005456143380675864
2020-06-16,0.008207020103123068,-0.000189820285487342,0.002663288775642435,0.006434423511081728,0.007827553796270639
2020-06-17,-0.001781626349057823,0.002119683824464139,0.0032152036593899144,-0.0045719385951956265,0.002454664124768414
2020-06-18,-0.0023755643309986323,-0.0014750680770402515,0.0010641866958560249,-0.004129016517066607,0.003276379512736764
2020-06-19,0.0011696092626075434,0.0061128724757278,0.003876038415361857,0.009627592065814726,0.0006673901727812599
2020-06-22,6.549467164666973e-05,-0.008241748200973694,-0.0010129091318062946,-0.014355125638664389,0.000393380382518459
2020-06-23,0.007959100941630668,0.00040082782028519223,0.002385537191173879,0.018063343174963168,-1.4250119521354087e-06
2020-06-24,-0.0058770665236890385,-0.0008804094862094424,-0.0019177709880892294,-0.01494914382630833,0.004275149996712265
2020-06-25,0.0013892017936443393,-0.00622148511039781,-0.0004964309307232003,0.007919930231835773,-0.005008588068509824
2020-06-26,-0.002569387128920787,-0.010916251015116802,0.001703661342890851,0.0003381215180993572,0.003027924626881486
2020-06-29,0.00048409062906269116,-0.01565213721845532,-0.0005447820175697533,-0.009030731788340574,0.0013149619465395719
2020-06-30,0.00036079906999044446,-0.006813540150179183,-0.0013447576587774974,-0.006872644676620425,-0.0046402639849844225
2020-07-01,0.008376306543269962,-0.0025652308749561435,0.0004308890157606844,0.017776426893511634,0.00316960861767046
2020-07-02,0.00670938360647934,0.002734953955883557,0.0006210411140282964,0.016248143373116794,0.00032202399108185477
2020-07-06,0.002224982925067731,0.0026634774234990085,-0.0009455776006487129,-0.007174106633036888,0.0012536968825421556
2020-07-07,-0.009854654129120559,0.0007693920885616286,0.0002441056360763159,-0.012650095868917136,9.511735643379646e-05
2020-07-08,0.0014060348896659132,0.0011763515686249407,-0.0030083174964967204,-0.003027014306639095,0.0004527481463568593
2020-07-09,-0.002492239285364378,-0.0035280396311114046,0.00010385390731846961,0.0037368756415514836,0.0027716255051034753
2020-07-10,-0.0018979583717374888,-0.0029492702536681463,-0.0027409029822035524,-0.005521484690258773,-0.004994754624899082
2020-07-13,0.003518429502883718,0.004899888454411125,0.002504434210975714,0.007956686479417276,0.006372039682512621
2020-07-14,-0.0030445587933498755,-0.0014002343351608828,-0.00048145628931276705,-0.012512201731799573,-0.0009938869003021152
2020-07-15,0.00679241878776397,0.003748241072528724,0.0021290832642631837,0.0067530969148337765,0.0020912454412978115
2020-07-16,0.0009528115878826721,0.0016580435989827639,-0.002384284143539276,0.0014154177609783595,-0.0019208148632352605
2020-07-17,0.009534182704801329,-0.00020924424600153756,0.001129813654568922,0.007941149005869638,0.0015685767890111196
2020-07-20,0.011398323284683482,0.002915405769765371,0.0017312011808028017,0.012812183867312263,0.00671908735379467
2020-07-21,0.0092720234752604,0.007737136569566821,0.00022949023656791245,0.017332486888856923,0.0024696766393493795
2020-07-22,0.008827557926555844,0.0019722653353674976,0.0008869286816586833,0.0016341636815346778,0.003610172726116736
2020-07-23,-0.007712573795673192,0.014894664047224112,0.0016782936518954853,-0.007366220506786201,0.004603749122749801
2020-07-24,-0.0009322595596663857,0.005198520961520874,-0.0003378337871453158,0.005397487390383322,-0.0013024767642003778
2020-07-27,0.004187607115229104,-0.0011938109120534358,-0.0006215060686079632,0.0009274769767401853,0.002217915916408709
2020-07-28,0.002053567896854432,0.002601546245433633,0.005072483658366868,0.0007875893670697128,0.005124823063502116
2020-07-29,0.006943628742927524,0.003287911316650002,0.0033197838222810364,0.0038971930550288276,0.002851098260502114
2020-07-30,0.0027757536330535867,-0.0011654551231860294,0.0014929672677299372,-0.007054901947061709,0.0005486263167484948
2020-07-31,0.003426557190616499,0.00537138335188296,-0.0011586638407541615,0.004162068872993015,0.0023588235772218497
2020-08-03,0.003417736442150444,0.0013950543028233972,1.3736106500698147e-05,0.00543111979190455,8.022295128086391e-05
2020-08-04,0.0009925451967615021,0.0036423768896952737,0.009639114154787246,0.0032474307047531755,0.0029698864067282333
2020-08-05,0.009595218911862113,0.008741859664863358,-0.0010662341035326563,0.00537542214083301,0.00025836949852588685
2020-08-06,0.0005007834195043556,0.005633067469522133,0.002491849283033848,0.010979887846830828,0.002320962739198425
2020-08-07,0.0028673691639450917,0.0031505221769287223,-0.000762854635277846,-0.007333982739329496,-0.0002332180210361123
2020-08-10,0.009235131460472935,0.0053110306209434265,0.003820204665979256,0.022503810260352863,0.0022229051400478195
2020-08-11,-0.0002744441818873436,0.007060330824409847,0.002609564347548649,0.007012216748155209,-0.0032075208561501245
2020-08-12,-0.007477606542179787,0.0005082576964485007,-0.0015420120134831004,-0.016567272382344175,-0.0011120136172212722
2020-08-13,-0.0037851438689168113,-0.0019818725329166396,-0.0013429726113443924,0.005258048023511585,-0.0092236729942104
2020-08-14,-0.008844316550397004,-0.001224150158432272,0.001854235970444342,-0.009871413549803566,-0.007670592870096604
2020-08-17,-0.0041808547806395395,-0.004679805148849231,0.001038853480401831,-0.005175191479084993,-0.0028294961461096274
2020-08-18,0.0003958070459907503,0.002241058730569615,0.0012383657316949492,0.00838278013479465,-0.0006951991446709665
2020-08-19,-0.001426794103516841,0.0003361008234143569,-0.0015725191400391323,-0.002230009224192126,0.0012645258319585097
2020-08-20,-0.003513617875758104,-0.0014380707580846975,0.0005007380587193239,-0.0007614283779938527,0.0009783172958205653
2020-08-21,0.001053428463744843,0.0003760732803505868,0.0006435664060851326,7.994647982775771e-05,0.002985429496228572
2020-08-24,0.0028239339057279304,-0.0013216758610694918,-0.0004815106747645775,0.0016791553924842394,0.0008094490258479462
2020-08-25,-0.004653482265686345,-0.002393134460541455,0.00085216093630382,-0.007438447318744201,-0.002579756187402496
2020-08-26,-0.004414524216948408,-0.000678884449872405,-1.2592657221686657e-05,-0.0015837304443147065,0.00016820624070917612
2020-08-27,-0.00043626125530378003,-0.00037867198816352135,-0.0015726295540434095,-0.0057057330449623135,-0.0083932994979334
2020-08-28,0.005893444368393183,0.0007405638766511997,0.0037407256198179776,0.007640179965989327,0.002319978750860696
2020-08-31,0.0034686612127997766,0.0007725326043398836,0.0004944185097583584,0.0015771447071123545,0.006291529655865249
2020-09-01,0.009165149190050235,0.0018707029321952213,3.2294699904381074e-05,0.017006063092608728,0.0027277592089151627
2020-09-02,0.0050010572120333455,0.002303768879663709,0.004656547280311515,-0.0009819255375687435,0.0005452141659350003
2020-09-03,-0.004203321138864975,-0.0010761202376084627,0.00014910201775156535,-0.001510333563548778,0.001801870862179905
2020-09-04,-0.005409322360358197,-0.005704716298804439,-0.0022111307310128813,-0.008452598571336395,-0.006964555128414675
2020-09-08,-0.000408138928106776,0.002576461894113097,0.002371814601911505,-0.005180605144729794,0.0022322167383479084
2020-09-09,0.003355012018858616,0.0056362242865880385,0.004341176047627587,0.013122874760167274,-0.0024954041341656587
2020-09-10,0.0026910734460370016,0.0011923362102454506,0.0016037954593861503,0.0020701288257436493,0.001064855353385579
2020-09-11,-0.000622408957056465,-0.0013582849272741622,0.006010391605514174,0.0023983477033311233,0.0006056958542020523
2020-09-14,0.00013151706381362297,-0.00027414604355668583,0.005521097624218535,0.0011360574839971754,-1.7379957502903836e-05
2020-09-15,0.0024392197314741723,0.006560193991718402,0.002072316227783954,-0.0045502569013094645,-0.0008067623813100681
2020-09-16,-0.00023317112477370207,0.005671953957527033,-0.0003808438231796819,0.0036834051020343574,0.001639965176788457
2020-09-17,-0.0036873295594988718,0.001570231999054954,0.00026354187294395107,0.0018824133126844232,-0.001161393093169736
2020-09-18,-0.004363591117283644,-0.000551569248980729,-0.0008600508678288838,-0.004711392104760306,-0.0009309219094527215
2020-09-21,-0.01021304044867908,-0.00435013542583699,-0.0009169173637350354,-0.03079189292247593,-0.005505110148177457
2020-09-22,-0.007270373710466856,-0.0011537642951884362,-0.0009467267347550867,0.0020708828500301387,0.0019145546923004068
2020-09-23,-0.016273473676031266,-0.0034072643520548103,-0.0001975305180097118,-0.01886698706786458,-0.002939066379447482
2020-09-24,0.0001613463876220894,-0.007273842600491467,-0.002495754164059061,0.013306331474351046,-0.006517529379710583
2020-09-25,0.001992747891375139,0.0011475989914020092,-0.0009510617823836343,-0.0009175025704216311,-0.0001833744285265774
2020-09-28,-0.0027231038049904247,0.0023482244298216786,-0.0005093660001701121,0.012365989641498928,0.0010729682840039452
2020-09-29,-0.0043537672429488925,0.0010061057633708945,0.0013521580429160045,-0.018222393696602286,-0.0001775735842821364
2020-09-30,0.005277407133701271,-0.0004746128200583979,-0.0018476728506078262,0.005584855995722735,-0.0040674460295665954
2020-10-01,0.0011069459380623722,0.00036286172494231713,0.00012698804653892725,-0.0001142160798595757,0.0012679081323255566
2020-10-02,-0.0003891486975868021,0.002248611776151363,-0.0008027650834869866,0.009013421692664874,0.0060669122585831035
2020-10-05,0.001885662367781413,0.0015699077210925723,-0.0004245791676622108,0.00731764082577313,0.005181656408658646
2020-10-06,0.003689781667310849,0.005934242057643011,0.002897851298303021,0.0020798214944473562,0.0025689453856123957
2020-10-07,0.00755012696716681,0.013220612816011553,-0.0014474351522733749,-0.0008091401472846692,5.924304810697525e-05
2020-10-08,0.007131121177258574,0.004187125597064795,0.002231504936809399,0.0010139713388470158,0.0027033213563221825
2020-10-09,0.004629626131313568,0.004534794750978435,0.003482595390139583,0.012565981486488294,0.0022370271183198855
2020-10-13,0.004276481530799058,-0.0003778113476103434,0.00368799894782189,0.0005264158004467312,0.004857399393634511
2020-10-14,0.0025521007427060567,-0.00015392305760049134,-0.001066065576609274,0.00015072699666660358,0.0010140225692153828
2020-10-15,-0.0020053944899303686,-0.0027873947394294507,-0.0017150786708529766,0.0046023369281353275,0.0018419230635721413
2020-10-16,0.0017578191437156558,-0.0010341411929286836,-0.0002811684186683401,-0.0026058245034595983,-0.00046739217703975635
2020-10-19,-0.004747435710181794,-0.0016278212692114383,0.0018659693660844255,-0.0021228427595016116,0.00303792689565486
2020-10-20,-0.0005222940836907446,0.0009057735177862451,-0.0018169124846206116,-0.0014264616236635342,0.002500952528852452
2020-10-21,-0.0019976495518137173,-0.001397857655876605,-0.001082438528308575,0.00010644451764075296,0.0016754542405037545
2020-10-22,-0.005710698947658017,-0.0007844938707411955,0.0012348499132084933,-0.0007278878222125985,-0.0031294687270995237
2020-10-23,-0.0003135996525054325,-0.0016219001104919215,-0.0008753679141244841,0.00479394986312607,0.004247156732526052
2020-10-26,-0.00214605441072849,-0.0010391991048053614,0.0014226311083980567,-0.006798814996567752,-0.003217753544641843
2020-10-27,0.0030107676765668274,-0.0009163781025526002,0.000876747864292562,0.008284414895052493,0.002853070933979886
2020-10-28,-0.004167851836879518,-0.008266232752261463,-0.0034607082461710977,-0.010077688150976327,-0.009218463926212563
2020-10-29,-0.003959707140203801,-0.0008386058784984938,-0.00352468897483962,0.0009478233623576979,-0.006944015971214469
2020-10-30,-0.0012277571671441218,-0.010369896635444291,-0.0010706785378922802,-0.014094079413408381,-0.0031502877544951147
2020-11-02,0.0035592831631955425,0.001040184337226098,-0.000720599336954404,0.004695385009579014,0.004142473162232329
2020-11-03,0.007515944249252567,0.0063972258028623325,0.00020379616748472483,0.0029899926433486755,0.0027535291773792053
2020-11-04,0.021987004445174298,0.001535575322222656,0.006935135007040012,0.027141342957210976,0.011571474342160087
2020-11-05,0.0018792861401516867,0.0033781432426765114,0.002496246647483607,0.017353252986865127,0.0017178490748591762
2020-11-06,-0.003767102028302403,0.004587271376694325,-0.0021169898024100214,-0.010245821140216119,-0.003205162716518733
2020-11-09,0.0026533242273140373,0.01129467520085712,0.0031930109689930373,0.015236545374537537,0.004211959360446869
2020-11-10,-5.120531626095817e-05,0.0049795977829042,-0.0010847598434425417,-0.00780730058637487,0.000704700051176384
2020-11-12,0.0013304868189078897,0.00412784233452598,0.0003966589833234349,0.0032606633245566225,0.004537288426948349
2020-11-13,0.0016421868189545887,-0.00035977082986449465,-0.001270037900361919,-0.0077547140572885925,-0.002184844922312549
2020-11-16,0.0038839452701883654,0.008381926659892633,0.00012506499241639543,0.010098280066653306,0.002740817471590656
2020-11-17,0.0069172569872550565,-7.533404705992449e-05,0.0009326838148326458,0.0026449479190390475,0.0036738430164222208
2020-11-18,0.005118862136620651,0.008937913439003433,-0.0003119632695108518,0.004539919374732995,0.0027516029589481237
2020-11-19,0.00234495951845174,0.008397051542368415,-0.0008385011519012795,0.001665096035994706,0.004080394222473969
2020-11-20,0.002842260062487766,0.003979631665201043,0.0019914937755734405,0.0026308141406024953,0.0012789594179007844
2020-11-23,0.0002124277163677232,0.004159077152186812,-0.001699381248953176,-0.002348431445203344,-0.000433509993767234
2020-11-24,0.0001166077960573483,0.0021516604991446125,-0.0004591972700286599,0.001999385790643739,0.0003142632312089919
2020-11-25,0.0007361198216456513,0.015133795572819249,0.001155025823576955,0.0032679442214713847,0.0020820938480394717
2020-11-27,0.001061943567251618,0.004042638458801067,0.0014233659675823513,0.0035974712627699747,0.0030693791353452494
2020-11-30,0.000308944071804973,0.004440821066569488,-0.002462041871707771,-0.006213962113654494,-1.1330957609376296e-05
2020-12-01,0.004438657614290357,0.011839122112112148,0.00022216449535409705,0.01809252093248195,0.0014799355579122387
2020-12-02,-0.00179575637019303,-0.0012208598100513983,-0.0018374014743207025,0.004383306849303724,0.0006480308141206203
2020-12-03,0.0023685878379571075,0.00044344411467696365,0.0015784963615978157,0.002835438695630921,0.003942992432555368
2020-12-04,-0.000430109905224002,0.0010435533142880257,-0.0011632758069452063,0.0009795033649112157,-0.0047740648731823855
2020-12-07,9.513639325813164e-05,0.0007189617869475435,0.00011384893484711267,0.0010157268697620439,0.00679330157857676
2020-12-08,0.0002956923029541293,-0.003082246201886882,-0.001420536318171855,0.000927485715909244,-0.0025288263112517645
2020-12-09,0.0007619179205735343,0.0002890731309872643,7.103091733284681e-05,-0.006137525488194093,0.002795238334554183
2020-12-10,0.0014505850643694203,-0.0011343919719390512,0.000827445283746522,0.0053490558458379415,0.006440991470156609
2020-12-11,0.0016523949568089385,-0.00030060560118295006,-0.000721346767228742,-0.004305523398186538,-0.0030525859341372923
2020-12-14,0.0014303273634366002,-0.000877127077585422,0.0007038232440888915,0.011663506610908194,-0.0013434305770265685
2020-12-15,0.001483046112322466,-0.00039257436750555954,-0.0006915481092155504,0.0034309554548123166,-0.0015235945512829458
2020-12-16,0.002299334903597806,-0.0002337484092376939,0.0008807859107320298,-0.002757290668979519,0.0020564365571149454
2020-12-17,0.000624685757305282,-0.0006678864729059414,0.00011475177932594986,0.0017998257898646855,0.004500009731630167
2020-12-18,-0.0004205105442179642,-0.002869310673202946,-0.0006168361409206541,-0.0020844739926696772,0.004343936282661737
2020-12-21,-0.005230173249658926,-0.001016821773421376,-0.0016438326220803597,-0.012157233323519185,-0.004443045839168692
2020-12-22,0.0005702117039660793,-0.0007837425515710084,0.001206384419622098,0.012565337524839305,0.001697288877638637
2020-12-23,0.0006418709936283993,-0.000883150921483383,-0.00036658692203897205,-0.0033394776762550667,0.0012730421331986108
2020-12-24,0.000679139047780046,0.00010349785110051195,0.00018506426211958906,0.004596417949626735,0.004431200342618877
2020-12-28,-0.00171072246190594,0.0010249910622951775,0.0032719926470031156,0.0065005611447525044,0.0006461257108597292
2020-12-29,0.0007100136572871544,-0.00022089549242119877,4.457993248180234e-05,0.0015339803431634663,-0.0017458897994477038
2020-12-30,0.0006135669787708257,0.0003656260776297049,0.0010151850526651407,0.00503444162583442,0.00415670562018882
2020-12-31,0.0016085678691898486,-0.0006495719493004674,-0.00033711584615264516,-0.0025271240013631188,-0.0013142698952618669
2021-01-04,-0.002759229180602432,-0.0021990775752512323,0.0017254286759524051,-0.0004730614572855557,-0.001124544736508255
2021-01-05,-0.005067526705758213,0.00011591116317586356,-0.0006454871514860232,-0.0007183401419387367,0.0017779956795814865
2021-01-06,-0.012456527180541027,-0.0010257619868464724,-0.0005516109886012697,-0.011275364326442175,-0.0026202798240508155
2021-01-07,-0.004289509540663068,0.0013121839845064414,-0.0013724919344158444,-0.003508327228874892,-0.0027062291398378775
2021-01-08,0.00039332939108776936,0.002138973835570844,0.0006703189247277454,-0.002095109010943209,0.0009039784810338963
2021-01-11,-0.010167414122454666,-0.004709340775567986,-0.001063805244787844,-0.008715877090458951,-0.00022069390693620127
2021-01-12,-0.00770307999523487,-0.0020856681743575385,-0.00023266696802573035,-0.0009158512500033238,-0.00674677924519291
2021-01-13,0.002117219122436218,-0.002086233609438632,0.0016301532064008305,0.005117996992401858,0.003105489611238139
2021-01-14,-0.004603002536023993,-0.0028902015002333146,0.0004549195346768461,-0.011589437888400675,-0.002974011607647286
2021-01-15,-0.005702943076644069,0.003423069108519048,-0.0007047330493147575,-0.0033970723607321695,0.0016269238740750096
2021-01-19,-0.0011756199544930453,-0.0007690509996206059,-0.00034862035378507026,-0.009203677332101548,-0.001995105854806017
2021-01-20,-0.0028927336142448917,-0.001621590672127796,-2.534305982632892e-05,0.00570836014697916,0.002725932672857718
2021-01-21,-9.247459122700665e-05,0.00044458504703625667,0.00027000163999969687,-0.005279266958702626,-0.003478497447691703
2021-01-22,-0.002501500540161872,0.0006769474959619337,-0.0009011635758382211,8.629437838981061e-05,0.0006019655837734427
2021-01-25,0.00040335414497194827,0.0001281222078822728,0.0011387746076988582,0.001045727230173361,0.0016166048517516148
2021-01-26,0.0010593872899014945,0.0007285608495051389,-0.00020353833557566474,0.004942634117684886,-0.001361454495787386
2021-01-27,-0.0021423664066010438,-7.5864403757804735e-06,0.0001354056515145786,-0.005499776918175297,-0.004839202823524018
2021-01-28,0.003426742336431836,-0.0030078124118341387,-8.211478778377198e-05,0.00442783411124022,-0.005188113448993532
2021-01-29,6.500612143279934e-05,-0.00016171117088454372,0.0019331485917036487,-0.00265136685751994,0.0017763414236904127
2021-02-01,0.006614981959970953,-0.0008079962561791296,-0.0008007341362625839,0.0032043984753075826,-0.003285756610939806
2021-02-02,0.005014959811621951,0.0029670607910763725,0.0005731396563209741,0.008110839119364424,-0.0009988883955632795
2021-02-03,-0.0036089219353157066,-0.0003341979470335057,-0.0006612770215157923,0.0024664493402934634,0.0005464842925257418
2021-02-04,0.005301610007211617,0.0004965094915848706,0.0025597986360306685,0.008950414989253617,-0.0017376696626787453
2021-02-05,0.001995727969015489,0.0003131583468055278,-0.00012187106926478893,0.0005161582730254725,0.002448118545898076
2021-02-08,0.0019385111658200868,0.0007388547329508599,0.0018534461259597601,0.00035743311650606726,-0.0011291049766704463
2021-02-09,-0.0029768179438680533,6.541781841493723e-05,0.0005828946224703735,-0.005192888203504799,0.002934220179972049
2021-02-10,0.0008732745465943432,0.00046917631036943926,0.0016183346490035628,0.0017247655866658377,0.005329854069160497
2021-02-11,0.00045661744005095757,-1.421423024522524e-05,-0.0004466242867004629,-0.0015557305326189732,-0.0038666291022807033
2021-02-12,-0.0016147429723396796,0.0007483413695099089,0.0006252181638327471,-0.0034269105170935794,-0.0004222980034761478
2021-02-16,-0.009316484243647272,0.0015091871658908748,-4.854663512085812e-05,-0.01099953698970175,-0.004174885885765542
2021-02-17,-0.0009220488260255893,0.0013114731194747934,0.0010094582319825035,-0.005243767285043313,-0.0005728056041128775
2021-02-18,-0.00016839087447598555,0.00014162687761901002,0.0023356068530031673,-0.003061081204726916,-0.0026905777019605314
2021-02-19,-0.005036023910207778,0.00027847435879525335,-0.001338413971971394,-0.012847354192712138,-0.004990657916982999
2021-02-22,-0.022625387931726516,-0.007933293132410578,-0.006045130251547046,-0.03737721924352787,-0.013710512566814924
2021-02-23,0.005327608070010111,0.0019550497009134886,0.004599222523865444,0.017475260976218168,-0.002713343351832507
2021-02-24,-3.9005248418793176e-05,0.0009689789893735307,-0.00015857095541892374,0.015989815653524597,-0.0009750835534170457
2021-02-25,-0.014363405732564406,-0.007469510566070494,0.0003301112140857914,-0.0318938060099839,-0.009034551380610167
2021-02-26,0.0005150280057684875,0.007294954899920324,0.0013963514477385644,0.009992385066620119,-0.0004750851053646729
2021-03-01,-7.686415160505457e-05,-0.0010460748470194486,-0.0002673460213162835,-0.006982518386387607,0.0007687113502163371
2021-03-02,-0.00641242602531221,-7.408307945860467e-05,0.001653975472323721,0.0007523574583210165,-0.0010342781350976674
2021-03-03,-0.005436824117950707,-0.005438222584105609,0.0004862479588967612,-0.012117617661843678,-0.006501086509009977
2021-03-04,-0.001773218969591777,-0.0012833850248534049,-0.0032752929105007715,-0.003567036849959058,-0.00930052369207876
2021-03-05,-0.006467921369033447,0.0012260835243977951,-0.0015900501259313833,-0.0053763022830633726,-0.007781039868443304
2021-03-08,-0.01966638677436045,-0.00617145166247309,-0.0025394340277912447,-0.02030905022630921,-0.014121460107706438
2021-03-09,0.004903519901800151,-0.003957384859368746,-0.0022128131818148025,0.012581580014717693,-0.007232187764464463
2021-03-10,0.006728073160070674,-0.0010425003188434946,-0.0011636682154908373,-0.0018665962708267366,0.002900881448904942
2021-03-11,0.009522277252570908,-0.0020679431342583788,-0.0005823422983920628,0.009255698027918306,0.0024533364801507147
2021-03-12,-0.0043369934000206155,-0.0012240235487129686,3.493263678016217e-05,-0.006189835124447278,-0.002383548115137746
2021-03-15,0.0054000815848545885,0.0031789638746831804,0.00017639117670697956,0.004466910741599421,0.003491109341484929
2021-03-16,0.0075789951156822735,-0.00021445069310154925,0.00012485217475079028,0.0024758823087189796,-0.0006440152347876549
2021-03-17,0.0007158093962138007,0.0027534486132219736,-0.0019951338651368754,-0.005728001746750993,0.0035433959397894277
2021-03-18,-0.003309065368838806,-0.00011658318777659725,0.00011458977093258163,0.0036230922852059535,0.00036165357555680163
2021-03-19,0.003739810972028915,-0.0016876420419046436,-0.0012209249650145188,0.007384521877921782,-0.00481225091884611
2021-03-22,0.00513954623201783,0.0025092156663879548,0.0005226858466322212,-0.0008196801410048206,0.004785095706079824
2021-03-23,0.00350828754503793,0.0019928563871809946,0.0012334006414995355,0.004687301275926391,0.0015145626891707627
2021-03-24,-0.0009207433356133017,0.002025331728358773,-0.00034624828096142606,-0.009008779426875084,0.0005999063584167468
2021-03-25,-0.004320802808848747,0.0002243577768076333,-0.000700732560990219,-0.00510796001233705,-0.0008825077488980201
2021-03-26,-0.002581460904794153,-0.00048617215191226856,-0.001299535100006552,-0.00421469525709776,0.0026444783623948455
2021-03-29,-0.0018191351477464457,-0.0021219769801716503,-0.00029709855871581096,0.001417010899594064,-0.003895019968388821
2021-03-30,-0.00017938206694751235,-0.000253786368996677,0.0021084529775568252,-0.007824385909633587,0.003586026842095327
2021-03-31,0.005089322040783286,0.00021437680121366443,-0.0013978420194041786,0.020277694205892576,-0.0015856249525121329
2021-04-01,0.005007588409252514,0.0007802126186805323,0.001780878911938958,0.001228108201379115,0.005691557666939078
2021-04-02,-0.0011640049800780202,-0.002074863085230544,-0.0015566725009735329,-0.004175179433901084,0.0004856552772569216
2021-04-05,0.0014766144472296067,0.0036315465320307,-5.6922647829177647e-05,0.001532570063547198,-0.0011915165441766335
2021-04-06,0.006105719729437671,0.0011510773331317346,0.0007091124748126901,0.002515542324668043,0.001698898393909592
2021-04-07,-0.002104901425261818,-0.002851842895460229,-0.0008150848038727309,-0.004898191397470481,0.005304272555008555
2021-04-08,0.0016859072646567834,0.001498399412219734,0.0014126249336102058,0.011891054699918146,0.004908194050126607
2021-04-09,-0.0013857845389536546,0.0019270496671016915,0.00014517545266012086,-0.004601594125449678,0.0007185290722802486
2021-04-12,-0.004021987892942748,-0.0012357211142114072,-0.0003848485187536033,-0.0033324207886410474,-4.0644452843646546e-05
2021-04-13,0.0009459218914723569,0.0022241561232787645,-0.0005749246390177996,-0.003485373865495762,0.004518222131638986
2021-04-14,0.0010827234453852411,0.00032703050854978086,-0.00016194863637435003,0.004070828384323458,-0.0012097095136270547
2021-04-15,0.009310241698107635,0.001099835231153587,0.0011007338753157437,0.006691983713282904,0.004707737215685086
2021-04-16,0.0016348462307230922,-6.207837444509849e-05,-4.285170207179167e-05,0.005252794583245146,0.005380831933521908
2021-04-19,0.001891580386186069,0.0003380417294089344,-0.0002291565910478227,0.005535086334127482,-0.0025394781826739306
2021-04-20,-0.00029688549697270955,0.0013548392246995212,0.00029124723553818885,-0.0022171407977777087,0.0022919066986014807
2021-04-21,-0.0007396575120193219,-0.0006790983894906673,0.00022908986718539289,0.004612859976708822,-0.0007084760037197058
2021-04-22,0.0008351995921313333,0.002067334433403681,-0.0003016750859807896,0.006193540801037307,0.0020527847184061403
2021-04-23,0.0026231034432013982,-0.00029616043922517816,-0.0010106185801596896,0.0001719980327665156,0.0001146491185707162
2021-04-26,-0.00035409142746597723,0.001194580080634357,-0.0006059857918897734,-0.0018496695192312482,-0.0019854238300760505
2021-04-27,-0.00238660356456657,-0.0017661986627509193,-2.7155357994574686e-05,-0.004887198065526917,-0.004114029366845718
2021-04-28,0.0014923863173039872,0.0020515444467057204,0.0002434959016254954,0.0024262894966174758,0.003798432002786143
2021-04-29,-0.00042942036618885644,-0.00015027196400450608,-8.933333689601161e-05,-0.00020988434413254256,-0.0034364843034027934
2021-04-30,0.001429951523333452,0.0014200240957806234,0.0003187608287450138,-0.00973488474120784,0.004505375287325661
2021-05-03,0.0017243720095767114,2.2795183378892516e-05,0.0012031942536143757,0.006237246102947558,-2.765880649395389e-06
2021-05-04,0.002233450101373527,2.7543486655605636e-05,-0.001907406064775637,-0.001975742489512909,-0.0016602166108365146
2021-05-05,0.002605836634510245,0.0019621821427351404,0.0022012030164721653,0.00945367031301131,0.001734892703320049
2021-05-06,0.005620981244252469,-0.00044371588121548737,0.00022466144619992797,-0.0009752869282790574,0.00160487895436272
2021-05-07,0.008547547541946489,0.0007318361355034805,0.0008675759137918086,0.0019968973433083913,0.002995599140019222
2021-05-10,0.0019635568270081117,0.00035245530009485164,0.00048020676006156154,0.008700599793430849,0.00014658563879257788
2021-05-11,-0.0029112018493456663,-0.0002444316030019721,-0.0007343731023822503,-0.002558588039010559,-0.00045083661928574316
2021-05-12,-0.005109306068172089,-0.00020184321778179786,-0.001507109223717638,-0.005968407357152066,-0.004284473051736702
2021-05-13,0.0032242805226240998,0.0043877636855321955,0.002020615856442285,0.00045964826119321875,0.0006725170603143047
2021-05-14,0.0017671357723496553,0.0003933901079630265,0.0002653830523103707,0.00647614429014965,0.0007887497896590755
2021-05-17,-0.0021733851026553043,-7.262873092030696e-05,0.0007983433273973205,-0.005014407327025918,0.00019881594127527753
2021-05-18,-0.001956484189231963,-0.000355673970537913,0.00032962146151563375,0.0011957812211154215,0.0003526629713864517
2021-05-19,-0.003905647533359195,-0.003650839720181312,-0.0019007397485973107,-0.0009127790984257965,-0.0035800200197528193
2021-05-20,-0.0005712127770625032,0.0023893947264853827,0.0015231484365595585,0.005187877195761162,0.0024263294805720232
2021-05-21,-0.00022625566551515944,-0.0017531786756002467,-0.00037249877754754395,0.001024809515209327,-0.0008376217010786258
2021-05-24,-0.0004504881997135251,-0.0007280842475534689,0.0012399614427797045,0.0007181047455187876,0.0013134818237605663
2021-05-25,-0.00039842676387307787,0.0011614639536202864,0.001523864885151913,0.004361422364094482,0.004304895880699476
2021-05-26,0.0028290899572588043,-0.0007590111641855043,-0.0013870575754198256,0.004523960642209199,-0.0015178268408394741
2021-05-27,-0.0008682438739185162,-0.0007491655111071436,0.0007743076583002631,-0.004990377374502885,-0.0025847762261921366
2021-05-28,0.0014319452139776102,0.001591424632218252,0.0016667757931116023,0.005578476443533322,0.002141240578697294
2021-06-01,0.0007860461669900283,-8.040984428942603e-05,-0.0009913794290257155,-0.0022242760853729295,-0.00320010650316771
2021-06-02,0.0018437338330932215,-0.0004958458815799161,0.001064389576599572,0.005543034139401409,0.002211085246812933
2021-06-03,-0.00421387222604195,-0.0009753760942518477,-0.0013010745265430656,-3.7832882075628e-05,-0.0035416092780768756
2021-06-04,0.0015797517095531806,0.0010463614802837151,0.005246116295971655,0.00552773631926066,0.0070219327382024035
2021-06-07,0.0007578579306862596,-0.0008199515684358224,0.0008238209313175565,0.0005023771068513482,-0.0013649410364004293
2021-06-08,0.0009754025934389424,0.0001013468235978508,-0.0012948806425157418,0.0033904983486645413,0.013757700683999022
2021-06-09,0.0041035943445819414,0.0010327728784718085,0.0008441131404969465,0.002075838287624979,-0.013349742255702323
2021-06-10,0.002818925353911366,0.0007594627001180813,0.002714507941696993,0.005709368895024251,0.002005037312764736
2021-06-11,0.0007914602998298162,0.00234661979755815,0.0006634621144669578,-0.004068390583657002,-0.000352891828586715
2021-06-14,-0.002805912480943571,-0.0017407874376940303,-0.002141224907559909,0.0017782823001756215,-0.006061816390294201
2021-06-15,-0.0013418679863819703,0.0010897629475024235,0.006416839455886025,-0.00404447055944387,0.0009867466715931823
2021-06-16,-0.002003926405775422,-0.003368501064818833,-0.005514030449240619,0.000260274503756625,-0.006090669700031449
2021-06-17,0.004564570588795205,0.0008860045940001447,0.0026346476815386384,0.00672777683334576,0.00652055627662968
2021-06-18,0.0016666778098609835,0.003641780184150059,0.0007154594204501829,0.0029579977128070694,0.0009460653835480165
2021-06-21,-0.00020352426702961493,-0.0004733611843586139,0.00014199784101067304,-0.008980131240743101,-0.00378549260814691
2021-06-22,-0.0012822951107113267,0.0005789410820442393,0.001017491391156717,0.0008537525765734975,0.0023846940412866483
2021-06-23,-0.0008701427453805467,-0.0003922101089635109,-0.0009839312110818362,-0.0009268703344167941,-0.0021571045964424605
2021-06-24,0.0009189402107923313,0.000365816179565709,-0.00025904495177180226,0.0017185144645274486,0.0020673755986619488
2021-06-25,-0.000422751197840755,-0.0011422045787769408,7.918365102734365e-05,-0.0016046857268026244,-0.0004964158395763601
2021-06-28,0.000974427457507341,-0.00025767150989425546,0.0012927327095412003,0.004463984115626904,0.00281987059880386
2021-06-29,-0.0009248938807314045,-0.0024687029926563223,0.001105624148051163,-0.0031737234933228177,0.0035848873855137547
2021-06-30,-0.0005608059955753286,0.002511180888817493,-0.0001296564149756836,-0.006038014861259771,0.00023396266652631788
2021-07-01,-0.0033383055159132285,-0.0002681129677946569,-0.00023445460855781014,-0.0015455243447182916,0.00047941812316268194
2021-07-02,0.0018597463275607518,0.0013153302959769606,0.0015508449718956265,-3.344263501197662e-06,0.0028593848117715475
2021-07-06,-0.0033100540779747822,0.0002828435601706332,0.0012855399966374636,0.0015305034265999363,0.005306763388518207
2021-07-07,0.002488966547887461,-0.001276258143361549,0.00021067091055215612,0.0017015204350712603,-0.005970895979534795
2021-07-08,-0.0017660739070820834,0.001115047118252408,-0.0035702681738803855,-0.005657048749939648,0.0036680747902132875
2021-07-09,0.0006971467372448843,-0.0015285530977953237,-0.0013096598949508158,-0.005001680311052319,-0.001854551345412496
2021-07-12,-0.0011104734641969127,3.493748315446172e-05,0.0009667171419709134,-0.00043893441584002163,-0.00023701352146736243
2021-07-13,-0.0017316246716774187,-0.0008728584114780234,0.001511845942268912,-0.0021207180257714737,0.0010453056592990128
2021-07-14,0.003265051618377932,0.0018213694383638897,0.0004754152893508344,-0.0007704427469934404,-0.00010236574059620521
2021-07-15,0.001821625881538939,0.000635612222512919,-0.0011150938405036475,0.008141509331802316,-0.0003972783075499012
2021-07-16,2.6605258854525702e-05,-0.0015567406699108822,-0.0001314208876065453,-0.002356599398037707,0.0017810585666686695
2021-07-19,0.0003213643706466501,-0.002030231092590059,-0.001464836456451133,-0.002115425600249205,0.0008100103823093217
2021-07-20,-0.0009068436388209183,-0.002472460807339397,-0.0008976703777302852,0.00027109169295246163,-0.005724307196969024
2021-07-21,-0.0015552696162988672,0.0003157923212844351,-0.004528157215297622,-0.002328562505999248,-0.0006625050812281586
2021-07-22,-0.0016580157736224746,-0.0008764982371905761,3.805734550485263e-05,0.0028604295147594172,0.0016113081272391568
2021-07-23,0.0032104074953889865,0.00014234092002827264,0.00031478250000047553,0.0073188733408242656,0.0010456521420759346
2021-07-26,-0.0010423423699189303,-0.0015877737188015135,-0.003277203524808707,-0.006831857271864656,-0.0017369708497240322
2021-07-27,-0.0015172240238889533,-9.599295932289215e-05,0.0010699092118081567,-0.0032900723658589297,0.004855117885675733
2021-07-28,-0.0007786057722249277,-0.0009328469766290417,0.0007389040215782002,0.0014467414593433365,-0.000781182938773655
2021-07-29,-0.002220079178282141,0.0005288152094829244,0.0032065566012049298,0.0011888745655916856,0.0017721205386971792
2021-07-30,0.0032958240512945417,0.0006976841731907269,-0.0029719193851943564,-0.0007037238729902305,0.007079549528898351
2021-08-02,0.0035580809236454647,0.0011168018087535478,0.0008108493290052013,-3.284131707456055e-05,0.006421505434920707
2021-08-03,-0.0014158131191058616,0.000538961316953335,-0.0010645370010151267,0.0010268332609746213,0.0013724608696065127
2021-08-04,0.0007487827236474602,-0.0016833190702146715,-0.0006306016997873122,0.0008349972799060847,-0.0023931279530085173
2021-08-05,-0.0020037649258464346,-0.001150425356371171,-0.0009718009465933448,-0.00015551060256392007,0.0006431618244081124
2021-08-06,-0.004560116304923117,-0.0007994214137720247,0.000873016857336996,-0.001594327058589152,0.0005500891934695517
2021-08-09,-0.002498635312389447,-0.0009639619962436681,-0.003188856815198637,-0.008144952347223096,0.00286443425180702
2021-08-10,-0.004956284517120885,0.003005975672166773,0.0010635035970277605,0.0027559424665975713,-0.0019939103555874837
2021-08-11,-0.0007783307860927682,0.0005870083261581254,0.000821182027365074,0.0067311061669005304,0.0014628128431799928
2021-08-12,-7.589595543883363e-05,0.000487012303126284,-0.0004565148038679294,0.004033940201394681,0.0021467650859258633
2021-08-13,0.0012216625974896425,0.002689954675788305,0.002998248285128021,0.011073727376315907,0.006932051162286679
2021-08-16,0.0004620193241239058,-0.0009214281935626106,-0.0001938903763739623,-0.007555764432038271,-0.005052734242218619
2021-08-17,-0.0022100036784068583,0.001884563281946673,-0.003950033889450159,-0.0020241594392981805,0.0001107520935611984
2021-08-18,-0.002682628038255537,0.00016263852677789428,0.002573543756047481,0.007712924604086033,0.002713593776876723
2021-08-19,-0.0025298198158824558,-0.0026177195168816886,-0.00021933921764765734,-0.009954048430911182,-0.005559005877677464
2021-08-20,-0.0007548333924256893,-0.0002256433214411793,-0.0018059577197690618,0.0010152812413491428,-0.002408115201823855
2021-08-23,0.0029148530609336785,0.001210103802474909,0.002053036020139063,-0.0007211457232029524,-0.0007628295103874485
2021-08-24,0.00030610175266223015,-0.00023773565895835147,-0.0007301409791227891,-0.0010604672666066689,-0.0033628414530280704
2021-08-25,-0.0009816145856181902,-0.0006092780054827978,-0.0005605410495781577,-0.00526699204704598,0.0006604177432598809
2021-08-26,-0.00016418483731280844,0.0008725834564797521,0.0013903630063158588,0.000798180494372237,0.0020364011088626383
2021-08-27,0.005029830144153301,0.0013542642222168111,0.001691327566736957,0.00762176229677304,0.0018687072880237108
2021-08-30,0.005433459830856201,0.0019510394644088936,-0.0024292022005514796,0.004032817014550007,0.0022585835572523447
2021-08-31,-0.0026199407105146635,-0.00108228593865458,0.0012898406910852069,0.00134898262160991,-0.004066175531068758
2021-09-01,0.0003817602977121977,0.0018814432335385338,0.0032363383450461636,0.000409078556269517,0.0028045956852816747
2021-09-02,6.034114559121457e-05,-0.000502819051869801,-0.0009035983869740059,-0.0017006028590857787,0.0005737643887222187
2021-09-03,-0.0013807605105063323,0.0017611165577956938,-0.001036774453499762,-0.003693197984565485,-0.002962069405794688
2021-09-07,-0.0032674298829438743,-0.00034104484410738136,-0.00022669439011153056,-0.0007642006657756135,-0.002707645976774159
2021-09-08,-0.0020463891748192784,0.0009107636020868312,7.095567782507488e-05,-0.001773119873845549,-0.0019303418925058179
2021-09-09,0.0020726820349216586,0.0005035306071814905,-0.00038685607229856924,-0.0016268674823500487,0.0025615263263011816
2021-09-10,-0.00043026730197695594,-0.0006720582176281247,-0.0013495418976917962,-0.00038781977779313515,-0.003257767529131162
2021-09-13,-0.0011295103476359255,0.0027672210771325094,0.0027525883470688193,-0.0017075232630780904,0.0022024294942076658
2021-09-14,0.0008467041925612726,-0.0022918390328199537,-2.4203593716265054e-05,0.00766099807170295,-0.0001360365549829208
2021-09-15,0.00140009451779631,0.0002785347584216265,-0.00011843317249201875,-0.005833419280700245,-0.002241204013782796
2021-09-16,-0.0011954722461405738,-3.669439916862838e-05,-0.002924644491293694,-0.0059715192339110665,-0.00024573209384777696
2021-09-17,-0.0006922304899488612,-0.00014773210080734882,0.00030429142163323423,-0.0048059087308195,-0.003907412403944349
2021-09-20,-0.003883756097465011,-0.0024600745152586726,-0.0024855880873373244,-0.0037322897920314033,-0.005463168556462117
2021-09-21,0.0017807366891096153,-0.0005208682387199527,0.0004717298804121012,0.002687972438631527,0.0023580292800347434
2021-09-22,0.0011022028692882348,-0.0008621044284562464,-0.0004473995087210907,0.0034201056145962993,0.0009582313822039009
2021-09-23,-0.006311045414567472,0.001072560311592998,-0.0007023430556394238,-0.018588232494799833,-0.006592271899926638
2021-09-24,-0.00942476379366042,0.0001188927126773404,0.000824854860587009,0.0023336931900919834,-0.0009460929566425321
2021-09-27,-0.0007066375875622609,-0.0009109278452961121,0.0010281598582648423,-0.010686092469342297,-0.0031992590918910714
2021-09-28,-0.0076119380896134394,-0.0013476173975016993,-0.004098081240127149,-0.010607247650628706,-0.010204708894669281
2021-09-29,0.0034564919543700313,-0.0003263094852124806,-0.0021950917648003733,0.007992996848401055,0.0009276689345003897
2021-09-30,-0.004109011226840303,0.0006931622612872332,-6.638145933338529e-05,-0.002800343249866084,-0.0023256502109982864
2021-10-01,0.0007642298806335233,-0.0012874135600107644,-0.001429142954290379,0.002471554380375534,-0.0030164046707364684
2021-10-04,-0.0029664355291124317,-0.00042698124440125373,-0.001725557984172923,-0.007929693150222085,-0.003567967491290048
2021-10-05,-0.0017000337102262258,-0.0012422167630867708,-0.000994137825183695,-0.0017934304374901087,-0.006173426264921712
2021-10-06,-0.004321395789247206,-0.0015067531567203717,-0.00118215305138743,-0.0038467305038388314,-0.0025260668025683746
2021-10-07,0.0014830786648530178,0.00025824484793143457,0.0007847474990600374,0.006365243511658664,0.007354715631166147
2021-10-08,-0.002708541649943018,-0.00034085930104458596,-0.002338502176085104,-0.0014304550397426358,-0.005352216418776472
2021-10-12,-0.0012307581931791946,0.0001452829340211024,0.0020568012800191954,0.002479794732617775,0.0014700785446624797
2021-10-13,0.004556223272440064,0.0011178773264268129,-0.0001448304104261082,-0.0018535539947186566,0.003629352949672716
2021-10-14,0.009432083022776316,-0.0005521397452241406,0.0024531391074467035,0.007145785051981584,-0.00017019315563443786
2021-10-15,-0.0025367231789621865,-0.001253406676111346,-0.0036951526991224263,-0.0025349553130881927,-0.003568813541354273
2021-10-18,-0.0008204953281827495,0.0020871910190111967,0.0014614454221086486,-0.001250612113349888,0.0005355023413885794
2021-10-19,-0.01019135738121031,-0.0003423460791897259,-0.0038056192815227883,-0.010247511083717294,-0.0015292603154761471
2021-10-20,-0.005317002726670751,-0.0007960994396573988,-0.0009836543195594063,-0.006477815139489894,-0.001989778481074676
2021-10-21,-0.011709057116237613,-0.004679317012883464,-0.005552487078804505,-0.012033438242117904,-0.00864874389682679
2021-10-22,-0.001234369949233376,-0.0030364081606357642,-0.00844196477609402,-0.014719395307164741,-0.004849843240819586
2021-10-25,0.006382206334450718,-0.0006191100419417103,0.0027621650310108783,0.012325609876472262,-0.0007098787463527939
2021-10-26,0.0014861981402235448,-0.00034847775887022646,-0.001707480435855934,0.0006669709554569643,0.003123126004752305
2021-10-27,0.004542984024507277,-0.001967730063970832,0.003569618636704032,0.002404809331496346,0.006719333754310864
2021-10-28,-0.004849393891463603,-0.0016371322450283387,0.0020168163735258585,-0.0036116475035852654,0.0015248624475757454
2021-10-29,-0.008178206560878786,-0.001358789280859066,-0.004965763781277276,-0.01326866075330446,-0.008627100424536587
2021-11-01,-0.006717190143632287,-0.0007470143839595862,0.0014185057575363978,-0.010142400863166917,-0.0053165997391248655
2021-11-02,-0.00021465152263348247,-0.000656022935199846,-0.0006073023611490315,-0.00380649251033008,-0.0016726821811207093
2021-11-03,0.00459327074730512,0.0021946868531220825,-0.00223351226105074,0.00010316939168487399,-0.004316959416441453
2021-11-04,0.007605801805630523,0.00016536887391674013,0.002452040904112675,0.01673533461387493,0.003637328488772037
2021-11-05,0.0077085225935242,0.0012893235816545112,0.0010108538385365424,0.003188363268608764,0.0037451548165695794
2021-11-08,0.0011841850967938036,-0.003562655558472826,-0.001211541618528532,0.0021178205566379903,7.517545417583165e-05
2021-11-09,0.00359349058673999,0.0012912937696155048,0.0009085709892134527,0.0016469222951635523,0.002999538307371467
2021-11-10,-0.004483403543721361,-0.0012594969455375763,-0.00293196843229483,-0.003928749273931771,-0.006934862408105961
2021-11-12,-0.001872315388831956,0.0013894006293557679,-0.0007689996945290222,-0.00015765374804319304,-0.00016748341827521127
2021-11-15,-0.0012379265549596736,-0.00045714330506144835,-0.00010556006332662747,-0.0007886417764339276,-0.002719597523262507
2021-11-16,-6.19365731455617e-05,-0.00035430948533636276,-0.0010132275383455723,1.459324077609566e-05,-0.0006734827604309276
2021-11-17,0.00020949838212363424,-0.00012519368924604447,0.002150542310837495,0.0014983215043368485,0.001762785512727732
2021-11-18,0.0008520683805540379,0.0008240642620304241,-0.0009163670489871161,0.003179676046403999,-0.0006136675180734032
2021-11-19,0.0017126376051277753,-0.0025523749051307265,-0.0028034806578057484,-0.005546666224710715,-0.0003177857351039285
2021-11-22,-0.005110713056195642,-0.0002875382117565999,-0.006023098436139735,-0.0009580526236955389,-0.0025835015311349
2021-11-23,-0.008275911427021722,-0.0008611793088436113,0.003488732278371423,-0.009298353433856203,-0.00486830100119654
2021-11-24,0.00022023257421518655,-0.00207392627831321,-0.006494481247072531,-0.004865748759116665,0.0020955282409795876
2021-11-26,-0.008970528546925453,0.0005853891868235711,0.0035226653619950085,-0.008180630807161648,-0.002468090928234184
2021-11-29,0.005796815749304752,-0.003507779327826464,-0.004818663391547272,0.003917669705825762,-0.0021247332081265656
2021-11-30,0.004261027846907305,-0.004744376422358995,-0.0034551348430131783,0.0017826236620631744,0.0017331386103245977
2021-12-01,0.007710023423428093,0.004583227019039654,0.0074202463786410535,0.008881416130463598,0.00547275503046043
2021-12-02,0.007939812961617458,-0.0011200259952203093,-0.00018777088035748757,0.004959402214592788,0.004721057377916846
2021-12-03,0.0023762219100668643,0.002440491211985127,0.0038287828699895264,0.00448531279648522,0.0010675800701449966
2021-12-06,-0.0008743940752500708,0.004230995282382316,-0.0005739686490012695,0.0018855695762712498,0.006031757269132428
2021-12-07,0.005234932613978094,-0.0020315074155955386,0.0009012891202437042,0.00811671938148015,-0.0018794088791436402
2021-12-08,-0.0005805594294659998,0.0022593354527515467,0.004027869399069674,0.001734300596762551,0.0015529640991648363
2021-12-09,-0.0016748650267871322,0.0002847120735705317,-0.0006610759116458745,-0.003112514821279086,0.005028409360914079
2021-12-10,-0.0011027391353502804,0.0003299715501842558,0.004909108406395648,0.0006870851767694892,0.00035181099512785537
2021-12-13,0.0014778624161484817,-0.000150499833383713,0.0011086287915611512,0.0011416866768581813,0.002466306026505009
2021-12-14,-0.004462941523498359,0.0006924974259863441,0.0005939117543377214,-0.001881226694995498,-2.9772305661689206e-05
2021-12-15,-0.0034969407000955137,-0.001487821272799982,-0.000983217694477584,-0.0033201960289238742,-0.0012562062737915152
2021-12-16,0.0002880693581190721,0.0009699401376066528,0.0012324308940983516,0.0027737785777366213,0.0010683367596047739
2021-12-17,0.0008743689373136369,-0.002225019435630031,-0.0006658939694218418,-0.008855652062778245,0.00012123304657536283
2021-12-20,-0.0050442152219393795,-0.0006605393742220683,-0.002292175203492801,-0.014629880857021096,-0.002129741847373405
2021-12-21,-0.001038864890576057,-0.0005409420167568477,-0.0007098471269562718,0.010168344989401923,-0.0005137754828930352
2021-12-22,-0.0003240526372571089,0.001973652723805536,0.005348482859474407,0.0008570681371281537,0.002068416077806125
2021-12-23,0.0007735688023287823,-0.0005343679390443421,-0.002392769111617012,0.008535971849199334,-0.0001475515315759675
2021-12-27,0.0007285985973822629,0.0008154487400337937,0.000420260852833074,-0.001956940668685932,0.0018201707961803659
2021-12-28,0.0016931646456335694,0.0006555481181631638,0.000186923708078194,-0.0016634982659715712,0.0010482125610704462
2021-12-29,-0.0010843654907741948,-0.00045661770645507904,-0.0016915963604695332,0.001257444601220821,-0.001011389720708086
2021-12-30,0.0008055536247209591,0.0008802265221159436,0.0015972487607004004,0.00355873393907869,0.0029244976336231265
2021-12-31,0.00019479455538253776,-0.00046414571727652215,-0.000789842682502462,-0.003811918095474591,-0.004304155659065609
2022-01-03,-0.003522852039211356,-0.0007280135882686608,-0.0026179718323512424,-0.0017950731943165953,0.0001333011899814388
2022-01-04,-0.0041277936924014455,0.0008399686519392492,0.00030630428936007114,-0.004614121519663899,-0.0010328395633084065
2022-01-05,-0.006640581378394142,-0.001438997856099831,-0.002816530503784213,-0.015020640657924746,-0.0007660966756961873
2022-01-06,-0.004971963872190251,-0.0016598316895951042,-0.00030985537345477437,0.0031107374242364395,-0.004587539556381804
2022-01-07,-0.003377390781636348,-0.0002701283125901816,-0.00430490782674562,-0.005425905879421436,-0.0011158918635850057
2022-01-10,-0.0010013676813431186,-0.004765851808049591,-0.0014664230957691798,-0.003580649650053962,-0.004524138142423316
2022-01-11,-1.4859997317738047e-05,-0.0004963320193215961,-0.002541847571540591,0.004872587708606259,0.0006972445494617234
2022-01-12,0.0012701233179805316,-0.0006231967663035341,0.0002609767135992092,-0.00538662905390473,-0.002017026969782768
2022-01-13,-0.00043205167791314595,0.0017089679212171438,0.00044684346463119446,0.0012195985261009025,-0.0006835533105285091
2022-01-14,-0.004303345428931133,-0.0029906626235468234,-0.0020815535321439204,-0.014408720438905204,-0.01013107258977269
2022-01-18,-0.009380937011693147,-0.0069653955950378516,-0.006186150692516252,-0.00763816260293218,-0.010141572768042489
2022-01-19,0.006747521147501563,0.0024552166041994458,0.0025910646898273464,0.014672956440644284,0.002699466362680377
2022-01-20,0.0031434225994887957,0.005103958944080212,0.0023408110326157694,0.008004202493993957,0.001180373468510477
2022-01-21,0.0016028652780895936,-0.0003538855056475886,0.0005612698606025771,-0.0022489301795930792,-0.0015053303816446957
2022-01-24,-0.0019763216366801926,-0.00043985045793820503,-0.0007478260430811453,-0.005035579452758271,-0.0021852213921769894
2022-01-25,-0.0017082213562890874,-0.0008588022384350505,0.000544175815714632,0.0035072038837925764,0.0006915505343982423
2022-01-26,-0.003131058547323748,0.0018006844733430402,-0.001841068847041172,-0.002277201267773313,0.00033130543438722915
2022-01-27,0.0014655827131629885,0.0014676060549595484,-0.0014447840102083122,0.00582544674676921,-0.0003804242105622933
2022-01-28,-0.00024332710961215588,0.0010971056189135514,0.0044881463155073634,-0.007058274369179942,0.0009855794777264997
2022-01-31,-0.00035998070514094035,-8.165788848894628e-05,-0.006551850950965789,0.003558822972597636,-1.464824796062649e-06
2022-02-01,0.0014627470599702498,-0.0015810049239627902,-0.0022385203231928986,-0.0016368390974002692,-0.0015759289329275602
2022-02-02,0.005735826418676366,0.004934180598926476,0.0047898006412808785,0.004102529453293105,0.0033175542066818425
2022-02-03,-0.0027767319239239635,0.0017560473901821797,-0.0033852426614940675,-0.003571648370869129,-0.002972103318331108
2022-02-04,-0.00809442349209272,-0.006207391549330309,-0.0017731139561163276,-0.008916617077651847,-0.009501085858866526
2022-02-07,-0.0015193831063338163,0.001102057106270621,-0.0014728423995779025,-0.0010041994203262821,-0.002043876605708272
2022-02-08,-0.0005687795633522446,-0.001364862546103617,-0.004074612140263039,0.003694159225894316,-0.0007911034672710058
2022-02-09,0.003803397109832906,0.0006860689831659839,0.00047974324108373417,0.004822262998745604,0.0006152743341566304
2022-02-10,-0.008928262598666036,-0.002670043877350456,-0.0040156526367324885,-0.008748887798247212,-0.005813803302916522
2022-02-11,-0.004219021518063645,0.0029209983323796314,0.0002550183152874699,0.0035503522754354254,-0.003662008146155514
2022-02-14,-0.003541539830920858,-0.0029619665878399134,-0.007722581283795989,-0.011226371706011385,-0.006881691986035958
2022-02-15,0.0019293708908506475,-0.0009583555275829653,0.0006964321350597783,-0.000236224502361041,-0.0030258854685638365
2022-02-16,0.0001730283979163575,0.0002831129952155235,-0.00012608224472760105,-0.004173242327663153,0.002251780083676524
2022-02-17,-0.001790207891237459,9.76065889124782e-05,-0.000410804631085005,0.007325633462259833,-0.0007724389936436548
2022-02-18,-0.0008188069156972968,-0.0006023846608241607,-0.0007404308012311577,0.0011616135249068087,0.00011707457097027712
2022-02-22,-0.0022414990439194415,-0.0016645452368750772,-0.004690978624436781,-0.005665477798419765,-0.0012106840936218482
2022-02-23,-0.004533702718955007,-0.0012215810224230174,0.001021570511023863,-0.007648321947581929,-0.001716512541492015
2022-02-24,0.004024082109592055,-0.00563187546253139,-0.0053271584836936964,-0.0021149143101817434,-0.005304351149065567
2022-02-25,0.006530493922940556,0.004274445334478558,0.007807762022858926,0.010570319872061768,0.004347183745632728
2022-02-28,0.0033904632362246278,-0.0004316273004568045,-0.00048614510668973046,0.0006601178119449357,0.00012888825557733874
2022-03-01,0.002821799462558099,0.0017067820036427506,-0.000887382484709908,-0.008438228359916575,0.0006737393126329809
2022-03-02,-0.00331388130162838,-0.004656639548683995,-0.0009720010485288742,-0.004747819545709012,-0.0018343320885425396
2022-03-03,0.0005869611849044638,0.002326612242514831,-0.003950783277898391,0.0028856027385003665,-0.0014028523415797038
2022-03-04,-0.00483674174183498,0.00011780841028240701,0.002569364167639021,-0.020622870493047857,-0.0023993555398241356
2022-03-07,-0.009085136981604193,-0.008225850370257163,-0.005872241495202358,0.006437283025818237,-0.0013746303986266891
2022-03-08,-0.004365414561016719,-0.007234729097960187,-0.004085113184272371,0.0038599511484562338,-0.004759830707351638
2022-03-09,0.00547963880986981,0.001472443266149832,0.00010739479089057782,0.0033314650257585533,0.004436293033756587
2022-03-10,-0.003454173394121098,-0.002019931937386295,0.0006836647709983367,0.007962879582360359,-0.003286322077672359
2022-03-11,0.0008172975932373994,-0.002943721168642582,-0.00599750077198402,-0.0065918041918159665,-0.001325532552397704
2022-03-14,-0.01416309782613489,-0.0030376061596349125,-0.001999279257217665,-0.00841548981223348,-0.003744722882628016
2022-03-15,-0.0012630212205791507,-0.0011990032871462266,-0.0051058839879705095,-0.003943201867596064,-0.004647552861379074
2022-03-16,0.007746068552975151,-0.0003340208727777487,0.005511940689690306,0.012418936975370417,0.0025574770296140016
2022-03-17,0.005491530591051378,0.005659239364927704,0.0012190765157788302,-0.0016785086806251673,0.0028939724270342967
2022-03-18,0.0026021790801423225,0.00996984316142787,0.001703835935271737,-0.005727704466111537,0.0008201544763639989
2022-03-21,-0.008291997622668,-0.0032993435708351566,-0.0021937526165939276,0.004326142064636938,-0.006131669346404356
2022-03-22,-0.005234962903146635,-4.765209208476873e-05,0.0014945845413221444,-0.005022376697383901,-0.00286986672530702
2022-03-23,-0.001044047914197459,0.0004635187507834138,0.00016561172038879435,0.009100825013948698,-0.0014904363855793707
2022-03-24,0.001523845768576457,-0.0010782357297247753,-0.0034617788967282806,-0.004345542595609105,-0.0029945624958265045
2022-03-25,-0.0002591442677192982,0.0002373910830568649,-0.0021768503974866605,0.0010426279844548895,-0.0028496891179705447
2022-03-28,0.0005928166054024542,-0.0002304374049834154,0.0026704975485348226,-0.0012610354439376228,0.0028777245142177963
2022-03-29,0.008975447097416104,0.0045996777778080835,0.005862377641265226,0.009443380712870757,0.007933502308130337
2022-03-30,0.006414189681552666,-0.00037087641487948257,0.0010562062998172436,0.0006354093147705316,-0.0026651426540149894
2022-03-31,-0.0014434696823224888,-0.0010570103626962014,-0.0006232154061428934,-0.000882729371369271,0.004835326944911882
2022-04-01,-0.001278810306561029,0.0006147459021217738,-0.0013306998140460394,0.0019527419633711698,-0.005128965488823751
2022-04-04,0.0014663286952281843,0.0013430082035393444,0.0012920306920425975,0.0004945782086309395,0.0003153287366919531
2022-04-05,-0.0074900276055100395,0.0011102288369606028,-0.000826556279773387,0.0025028796166436775,-0.005518249659017491
2022-04-06,-0.006438754626206586,-0.0009679242535246222,-0.00034460018930537273,-0.007317323524347324,0.0007327025878556496
2022-04-07,-0.0037555692021417485,-0.0008541314181218679,-0.0027478285723820904,0.004804805344196435,-0.0021724181673258916
2022-04-08,-0.008439321780045549,-0.0023030648057127193,-0.002873142850454016,-0.010872447949744093,-0.001424605634999998
2022-04-11,-0.011537796878575882,-0.0018901749797224513,-0.004004856084307314,-0.004589209124170743,-0.011526606268974646
2022-04-12,0.0031496300151301125,-0.0018668888231697987,0.00040320947659590496,0.006994051888182691,0.0013582527379674815
2022-04-13,0.0069486320477612235,-1.791037647660468e-05,-0.0028688947144557045,-0.004703162861609155,-0.001206542321255118
2022-04-14,-0.0015065064460535941,-0.0033349244819768117,-0.004683660852767064,-0.001042617954482534,-0.009221754179448167
2022-04-18,-0.004833286374993422,0.0026620579956986457,0.002408277347489581,-0.0026147414376309274,0.003589110448648606
2022-04-19,-0.0031586131054298465,-0.0043036999060065756,-0.0019426660899098957,-0.0031475278739590677,-0.01303434061370584
2022-04-20,0.002670233028988567,0.0009675259877783717,0.0009267370025497563,0.008022991488455469,0.004533851160459501
2022-04-21,-0.005668912330257027,-0.0035958612875301504,-0.0033348924496475335,-0.004412907611984079,-0.006355582308386917
2022-04-22,-0.00565047129684524,0.0010140427082501492,-0.005631686937244606,-0.006404614012596339,-0.004122204251460881
2022-04-25,0.006240838241334139,-0.00605418936691331,-0.0036912250372087107,-0.004055991004340936,-0.004314108349933657
2022-04-26,-0.0015169868807688904,0.0021193471519904885,0.004945347390990093,0.007791104735248951,0.0031043682154683993
2022-04-27,-0.004000788281770311,-0.0036606907331692253,-0.0030263036458905977,-0.011283223255095873,-0.006214324447433491
2022-04-28,-0.00336435635680806,0.0021097218015030347,-0.0005487537803929754,-0.005698208466237714,-0.0024733563327421168
2022-04-29,-0.011912831212872073,-0.0010902972694056456,-0.00643781657268838,-0.002427123131192316,-0.011517458835342536
2022-05-02,-0.007707985793447019,-9.649111626282753e-05,-0.000272357608197109,-0.011083304770082207,-0.002672480443144463
2022-05-03,0.004810997836222277,-0.0002769217134000632,-0.0007950445897678387,-0.0016074907914441978,0.0038664077620260764
2022-05-04,0.0133956667169819,0.00600375502190454,0.001600188575921119,-0.0017192102042574628,0.005073969018245442
2022-05-05,-0.013065140842146375,-0.002363613118719312,-0.003893141589960518,0.0013294919627690313,-0.011612532768822731
2022-05-06,-0.011626070187272668,-0.00010311111155982614,-0.0017496599488921421,-0.012865237609559106,-0.0030721964777492136
2022-05-09,-0.008554209033787816,0.00046261036051326694,-0.009224149338758378,-0.008571205254672407,-0.004600081448673381
2022-05-10,0.006530476117218158,-0.001717478064651731,0.0009876827471537025,0.0011607649128821042,0.0007682908253817763
2022-05-11,0.0034819055524934256,0.002775432143385425,8.110893726027381e-05,0.002318838680419927,0.0023339244264526196
2022-05-12,-0.0003321649620856634,-0.0008457112635190025,0.0033247439436500013,0.002090275615913722,0.0032200585577064067
2022-05-13,-0.0030912895006491147,0.00039563774759547295,-0.0004456855348245999,-0.002176345913288062,0.0015371296324906412
2022-05-16,-0.0001657657158417475,0.0021658008823543535,0.004060026964753852,-0.0036468590007732882,-0.001169068660118823
2022-05-17,-0.004593901515287484,-0.0005058295255967386,-0.0016318717942647894,0.0022716230163993376,-0.00296916367461264
2022-05-18,-0.0017028149682811549,-0.0034389602483431967,0.001519888611271237,0.0034868295495933234,0.0006502843657964163
2022-05-19,0.0028206562145783086,-0.0006761902667226655,-0.001784581399446202,0.0030716293894972845,-0.00019779529253269713
2022-05-20,0.0012696336612248763,0.0023830923681914017,0.0016490060291571343,0.002510412512726716,0.0009994252885598932
2022-05-23,0.00010580294168290539,-0.0020982137408107377,0.0009407892717225446,-0.0010733304598049469,-0.0011596932034334225
2022-05-24,0.0028977922771796795,0.0028139316885747914,0.0018142631518814436,-0.006709482889412972,0.003944965627023016
2022-05-25,0.009603999724645828,0.002850957165348522,-0.0013285025516448327,0.0036451542626825136,0.009756570517464614
2022-05-26,0.00875025893957384,0.011705190402001936,0.0037114587490731823,0.010707289751427929,0.0009539067894741108
2022-05-27,0.0032986069807284437,-0.002650563521424286,0.002733154256231725,0.007425849674150368,0.005255243634650727
2022-05-31,-0.007167372400538144,0.0014009115149696992,0.002160731340895773,-0.0004333636250014143,-0.0031276663093976215
2022-06-01,-0.005495627163659697,0.0003810966225035053,-0.0016724788705645907,0.011656096084220231,-0.0015707979464120942
2022-06-02,-0.0014387732791571145,-0.000668252347044742,-0.004557511583599243,-0.010111712185083272,-0.002322923481809704
2022-06-03,-0.006479318695181149,-0.0012367016527611058,0.00019084165632131893,0.005469462215330478,0.009805588004481437
2022-06-06,-0.00755648861974883,-0.004584558601334449,-0.0022876030273539768,0.0032808318157224563,-0.0030019020408454163
2022-06-07,0.0019417762697222533,0.0006442795519724559,-0.00010593448942620356,-0.0025003391319158947,0.003245059366464334
2022-06-08,-0.006487010771235576,-0.004110788438588814,0.0010137643385922596,-0.0010417971026793085,-0.0018332963506653172
2022-06-09,-0.005328721658919634,0.0009950816218485036,0.0004731956321131002,-0.0005615180773790247,-0.0016352430760453833
2022-06-10,-0.013897924695681428,-0.009283225690006478,-0.01342816917748332,-0.009081204017781078,-0.0017871802265579343
2022-06-13,-0.024324070749558998,-0.008026338932823266,-0.005002849224521752,-0.01541231850816647,-0.017709038324379152
2022-06-14,-0.004457071455924005,-0.019985510729164862,-0.0037445459179293343,-0.003437989067101991,-0.007108636626884712
2022-06-15,0.015908733093918086,0.003850115285263247,0.005398344273322922,0.01033457662310464,0.002159295654117174
2022-06-16,-0.007357256864852836,-0.0029664524980686376,-0.00945806825978554,-0.010102204857833114,-0.009269712961670512
2022-06-17,0.0009284630480172436,-0.00011278437870644517,-0.0009197570288948605,-0.005296745833142741,-0.002352560266726988
2022-06-21,-0.0010476767148132598,0.0006134804042538082,0.001512327241300636,-0.0012849885977260958,0.001978216528420659
2022-06-22,0.0040663204902898955,0.001524253446494977,-0.0007453182468762805,-0.014354275596631185,-0.0018831590907411539
2022-06-23,0.00336554670383848,0.0039360369056477005,-0.0014084120288734318,0.012385382544325323,0.0015705339904996906
2022-06-24,0.0004350251755240356,0.006711714847855021,0.002323746660835124,-0.0047049390759490335,-0.00021694639560022872
2022-06-27,-0.002304692114097143,-0.0009466316077412243,1.8687981147035178e-05,0.0015833920689418681,0.0018290101265742704
2022-06-28,-0.010310187147865647,0.0006817509916693688,0.000592509220486559,-0.005827149694458446,-0.0015137753884856616
2022-06-29,0.00022665040285996406,-0.002996805942445099,0.0007374591259980257,-0.005724409821898941,0.0009942025435174331
2022-06-30,0.001986978997138718,-0.0016312962727570714,-0.003531321448691886,-0.008769378275639318,-0.0031562335056848608
2022-07-01,0.00924319111948068,-0.0017500696636743595,0.0023943413408211013,0.0026273174116317193,0.002271323033475455
2022-07-05,0.0007867520115594597,0.001453875712642394,0.0010893181644937475,0.009705828248513038,-0.00011607026754516653
2022-07-06,-0.0006428321254996981,-0.002609925677605186,-0.0046101477365432806,0.009935595499239698,-0.008747310822651844
2022-07-07,-0.00020768848259837877,0.005951658775322228,0.00607849683087242,-0.00024153253239128024,0.0055267125215268924
2022-07-08,-0.003658920763422791,-0.002663761327283951,-0.0008866273873645058,-0.0006457648898874021,-0.002015705138869826
2022-07-11,-0.0026074607517813657,6.265858206500054e-06,-0.002609909502076234,0.0017431513050350325,0.003024158989448118
2022-07-12,-0.0045840850443216,-0.0005552457870661573,0.00036391408289705365,-0.01644580049050163,-0.002298751916592084
2022-07-13,-0.003936500716375753,-0.003241552653152817,0.000627993161547054,0.005304228859973821,-0.005366994892040765
2022-07-14,-0.0035464987862529303,0.003084499028164894,-0.0057656945054985285,0.00012009488459243414,-0.009445054855685009
2022-07-15,0.0028611500987010216,-0.000725356771790636,0.0009587018776849555,0.004391624450007341,0.004435307989650459
2022-07-18,0.005508328992174108,-0.001416547987197353,-0.0010743858395360181,0.0020929154157992335,-0.004739414816427793
2022-07-19,0.011737969069563233,0.0004065067710208676,0.003958374426095732,0.007976324404328862,-0.0008782819434495446
2022-07-20,0.009432175017889833,0.004295028724278329,9.057622784600854e-06,0.005137105776482494,0.005026711970211991
2022-07-21,0.003923632752948457,0.0015811831677069689,0.006354793426141687,0.006529303376608919,0.0027120385171149047
2022-07-22,0.006980135125622693,0.009586746031153443,0.003584450048477512,0.005066738704814458,0.004127817290345665
2022-07-25,0.002468827208869956,-0.001998372737765347,-0.003093759266397891,0.019857596381533175,0.0036860480912572547
2022-07-26,-0.003425421698710264,-0.001664262201964849,-0.0008758737359902067,-0.020737366526391528,-0.004694163117130217
2022-07-27,0.005522779992420785,0.0031951158450775827,0.002015690160164058,0.008862829252648346,0.0001488442758011001
2022-07-28,0.01459807951402898,0.008109544669523372,0.0072757183317756395,0.009472521383465571,0.007627194974810639
2022-07-29,0.007012449868014351,0.001226190427515424,0.006137198206244678,0.004748501900170571,0.006902850715051972
2022-08-01,0.0013515309140167274,0.000194941764277541,0.00494767636188474,0.007599261114993039,0.0033958319065029038
2022-08-02,-0.00786844734588909,-0.0034181894430882886,-0.005906630160680583,-0.0016539332825484263,-0.0024714612784728753
2022-08-03,0.002487064191576629,0.004497920531083408,0.00560957643147669,0.012496324211346638,0.0004471324862348663
2022-08-04,0.011147763276090355,-0.003100528318717456,0.00584444228763715,-0.01041000008835055,0.0033886685271090895
2022-08-05,-0.008868592749902964,-0.0029073990928231313,-0.007497986473741127,0.008567498086523139,-0.009245834823418158
2022-08-08,0.009417477308792218,0.0047848072888031735,0.010716488567128122,0.014817283187002131,0.012936582048168707
2022-08-09,-0.010760148921912866,-0.000273872912922144,-0.0064786915996410295,-0.00607696124646607,0.006767311751605688
2022-08-10,0.013609158599465808,0.0021724370212629143,0.0029121228084815287,0.00011303497957437945,-0.0025023082498020826
2022-08-11,-0.00047942799488963713,-0.000161595476320423,0.004529035109940248,0.0049037263964864936,0.015839627664772628
2022-08-12,0.0017850899538866,9.429227784347166e-05,0.0009324462348035852,0.007352665306071333,-0.014701589708844215
2022-08-15,0.0009080647313506776,0.0036182116914176958,-0.0020912101102127136,-0.00993420885924271,0.012799023459522971
2022-08-16,-0.004378130121062134,-0.0013771758075517828,-0.002065401860326328,0.00921109881920794,0.0038824723697275755
2022-08-17,-0.00406973795333882,-0.002739180243757883,-0.0024942799561617343,-0.006702279259604897,-0.0078163363050827
2022-08-18,0.0003811082691746054,-4.666671451267033e-05,0.001570620171410963,-0.005590336077834976,0.0029113802953237094
2022-08-19,-0.007369585431090954,-0.0011342189824528782,-0.007203147179574369,-0.005508018034023786,-0.004861423848861298
2022-08-22,-0.008309487246213082,-0.0031545527806021894,-0.0018593339076494614,-0.01265279486325675,-0.015493878286471129
2022-08-23,0.004150700975004515,-0.0036841823008459283,-3.3444618665557654e-05,-0.00027708410374968856,0.007723691017509214
2022-08-24,0.002043176329584248,0.0017375029273831966,0.001028402075866078,0.002234347358411025,0.0019718838455982613
2022-08-25,0.004901413973913927,0.0011024907078750225,0.0010715193469001485,-0.002208522656486155,-0.000682902378149537
2022-08-26,-0.0005756470218586629,0.00020445746596928438,-0.003536143903132949,-0.0025559030379164603,-0.0010360437694805153
2022-08-29,-0.011193930026579455,-2.62230903201113e-05,0.001310303294740215,-0.009753243236095268,-0.0019536070487563848
2022-08-30,0.0022125533213274025,-0.00163475284996805,-0.00018005262898438076,-0.002694469241752585,-0.0031541342936587755
2022-08-31,-0.003061324499303176,-0.0022885964447583148,-0.00307474831239777,-0.012528547893180947,-0.00170057678136253
2022-09-01,-0.003058380967882678,-0.0003561802346082878,0.0016262611666664557,-0.004020590081202166,-0.006077702836808482
2022-09-02,0.0035953168520973153,0.0015371383504014053,0.00041674117872931947,-0.0006782206433505403,0.0012893670287615763
2022-09-06,-0.004959371322253821,-0.0025134611329094446,-0.0035236302479168665,-0.001707328280306194,-0.0061238998246875564
2022-09-07,0.005207090680328713,0.00037071764903195823,-0.0004103014388945252,-0.0015013239147213667,0.005706363987144499
2022-09-08,0.0018427911734529526,-0.0018382098906734733,-0.004925861959527438,7.450235210659654e-05,-0.009822652450684607
2022-09-09,0.002000407054360598,0.001383638485179813,0.003719688859570112,0.001700724219980861,0.008571527011931252
2022-09-12,-5.9499018283754685e-05,-0.0005383727095156661,-0.002072391707036751,-0.008225137069821609,-0.0011303067624092544
2022-09-13,-0.007452171960151465,-0.003783671542323961,-0.004720759035180006,0.0039876979939787414,-0.00760534029222149
2022-09-14,-0.0010681354028083984,0.0017315885975489535,-0.002583111608752929,-0.008448289592469871,-0.0010006092979394153
2022-09-15,-0.0027474596227519328,-0.0022548701829035287,-0.004104558595559358,-0.007460548515425606,0.008760387724703405
2022-09-16,-0.00600452075199812,-0.0009490635005811381,0.0006274997681608176,-0.0130988002554295,-0.01620955861612557
2022-09-19,7.210816227462727e-05,-0.0023269237311985295,-0.004826265455831302,-0.0038953657178865905,-0.0064237967672844095
2022-09-20,-0.006811752583346978,-0.002926721590570744,-0.002894366497174197,0.004013450497586048,-0.00349505885870743
2022-09-21,0.005217929400830973,-7.064279667619351e-05,-0.011171187308901862,0.007189159707559627,6.66950481771483e-05
2022-09-22,-0.008472221538322564,-0.006002630591632003,0.0006567315317793378,-0.009252977410914503,-0.00784239316081464
2022-09-23,-0.009838710631406313,-0.0016242868154230294,-0.004809177709929769,-0.00892147065689713,0.0001867959695909248
2022-09-26,-0.018529444163980554,-0.004872657887942473,-0.004596602589468263,-0.01883563636834175,-0.016209327639508792
2022-09-27,-0.01124339024695178,-0.004744411975912938,-0.005742780614603319,-0.004978773742277863,-0.013290929103657208
2022-09-28,0.011592081571261846,-0.0030376108544478736,-0.0008450379784431641,-0.008396162316829662,-0.0018634152128453295
2022-09-29,-0.005146504702364173,-0.0023147711092993415,-0.004101081734436287,-0.00036672206721049047,-0.010194397505769236
2022-09-30,0.004212071321916072,-0.003192597211865638,-0.0008596593668073152,-0.01600988706638056,-0.0025343637393645375
